C,Cr,Mo,Co,Ni,V,Nb,W,Mn,Si,pMC,pM7C3,aus,tem,time,AF,DQ,UTS,YS,J,El,HRc
0.3,1,2,7,10,0.1,1.3,0,0,0,0,0,1060,960,10,1093,2,2020,1731,,,
0.23,3,1.2,9,11,0,0,0,0,0,0,0,900,475,0,850,0,2159,1174,38.2,,56.8
0.23,3,1.2,9,11,0,0,0,0,0,0,0,900,475,1,850,0,1924,1293,44.6,,54.3
0.23,3,1.2,9,11,0,0,0,0,0,0,0,900,475,5,850,0,1957,1437,45.6,,56.2
0.23,3,1.2,9,11,0,0,0,0,0,0,0,900,475,10,850,0,1941,1441,51,,55
0.23,3,1.2,9,11,0,0,0,0,0,0,0,900,475,20,850,0,1843,1408,62.7,,54.8
0.23,3,1.2,9,11,0,0,0,0,0,0,0,900,475,50,850,0,1705,1367,78.4,,52.3
0.23,3,1.2,9,11,0,0,0,0,0,0,0,900,475,0,850,24,2078,1398,,,
0.23,3,1.2,9,11,0,0,0,0,0,0,0,900,475,1,850,24,1937,1495,,,
0.23,3,1.2,9,11,0,0,0,0,0,0,0,900,475,5,850,24,1940,1585,,,
0.23,3,1.2,9,11,0,0,0,0,0,0,0,900,475,10,850,24,1919,1616,,,
0.23,3,1.2,9,11,0,0,0,0,0,0,0,900,475,20,850,24,1882,1565,,,
0.23,3,1.2,9,11,0,0,0,0,0,0,0,900,475,50,850,24,1644,1416,,,
0.23,3,1.2,9,11,0,0,0,0,0,0,0,900,475,0,0,0,1987,1220,,,
0.23,3,1.2,9,11,0,0,0,0,0,0,0,900,475,1,0,0,1725,1249,,,
0.23,3,1.2,9,11,0,0,0,0,0,0,0,900,475,5,0,0,1801,1407,,,
0.23,3,1.2,9,11,0,0,0,0,0,0,0,900,475,10,0,0,1796,1416,,,
0.23,3,1.2,9,11,0,0,0,0,0,0,0,900,475,20,0,0,1721,1426,,,
0.23,3,1.2,9,11,0,0,0,0,0,0,0,900,450,0,850,0,,,38.2,,56.8
0.23,3,1.2,9,11,0,0,0,0,0,0,0,900,450,5,850,0,,,39.2,,56.2
0.23,3,1.2,9,11,0,0,0,0,0,0,0,900,500,0,850,0,,,38.2,,56.8
0.23,3,1.2,9,11,0,0,0,0,0,0,0,900,500,5,850,0,,,60.8,,54.2
0.23,3,1.2,9,11,0,0,0,0,0,0,0,900,525,0,850,0,,,38.2,,56.8
0.23,3,1.2,9,11,0,0,0,0,0,0,0,1050,475,0,850,0,2129,1202,48.5,,56.1
0.23,3,1.2,9,11,0,0,0,0,0,0,0,1050,475,1,850,0,1899,1251,43.6,,54.9
0.23,3,1.2,9,11,0,0,0,0,0,0,0,1050,475,5,850,0,1936,1426,48.5,,55.9
0.23,3,1.2,9,11,0,0,0,0,0,0,0,1050,475,10,850,0,1946,1459,55.9,,55.4
0.23,3,1.2,9,11,0,0,0,0,0,0,0,1050,475,20,850,0,1847,1430,66.6,,55
0.23,3,1.2,9,11,0,0,0,0,0,0,0,1050,475,50,850,0,1704,1342,73.5,,51.8
0.23,3,1.2,9,11,0,0,0,0,0,0,0,1050,475,0,700,0,,,43.1,,56.4
0.23,3,1.2,9,11,0,0,0,0,0,0,0,1050,475,1,700,0,,,41.7,,55
0.23,3,1.2,9,11,0,0,0,0,0,0,0,1050,475,5,700,0,,,45.1,,55.9
0.23,3,1.2,9,11,0,0,0,0,0,0,0,1050,475,10,700,0,,,56.8,,54.7
0.23,3,1.2,9,11,0,0,0,0,0,0,0,1050,475,20,700,0,,,75,,54.9
0.23,3,1.2,9,11,0,0,0,0,0,0,0,1050,475,50,700,0,,,83.3,,52.1
0.23,3,1.2,9,11,0,0,0,0,0,0,0,1050,475,0,850,24,2085,1357,,,
0.23,3,1.2,9,11,0,0,0,0,0,0,0,1050,475,1,850,24,1882,1423,,,
0.23,3,1.2,9,11,0,0,0,0,0,0,0,1050,475,5,850,24,1933,1567,,,
0.23,3,1.2,9,11,0,0,0,0,0,0,0,1050,475,10,850,24,1907,1568,,,
0.23,3,1.2,9,11,0,0,0,0,0,0,0,1050,475,20,850,24,1925,1599,,,
0.23,3,1.2,9,11,0,0,0,0,0,0,0,1050,475,50,850,24,1658,1411,,,
0.23,3,1.2,9,11,0,0,0,0,0,0,0,1050,450,0,850,0,,,48.5,,56.1
0.23,3,1.2,9,11,0,0,0,0,0,0,0,1050,450,5,850,0,,,44.1,,55.7
0.23,3,1.2,9,11,0,0,0,0,0,0,0,1050,450,0,700,0,,,43.1,,56.4
0.23,3,1.2,9,11,0,0,0,0,0,0,0,1050,450,5,700,0,,,43.6,,55.6
0.23,3,1.2,9,11,0,0,0,0,0,0,0,1050,500,0,850,0,,,48.5,,56.1
0.23,3,1.2,9,11,0,0,0,0,0,0,0,1050,500,5,850,0,,,73.5,,54.1
0.23,3,1.2,9,11,0,0,0,0,0,0,0,1050,500,0,700,0,,,43.1,,56.4
0.23,3,1.2,9,11,0,0,0,0,0,0,0,1050,500,5,700,0,,,70.6,,53.4
0.23,3,1.2,9,11,0,0,0,0,0,0,0,1050,525,0,850,0,,,48.5,,56.1
0.23,3,1.2,9,11,0,0,0,0,0,0,0,1050,525,0,700,0,,,43.1,,56.4
0.23,3,1.2,9,11,0,0,0,0,0,0,0,1050,475,0,700,0,2083,1204,,,
0.23,3,1.2,9,11,0,0,0,0,0,0,0,1050,475,1,700,0,1922,1386,,,
0.23,3,1.2,9,11,0,0,0,0,0,0,0,1050,475,5,700,0,1938,1505,,,
0.23,3,1.2,9,11,0,0,0,0,0,0,0,1050,475,10,700,0,1891,1516,,,
0.23,3,1.2,9,11,0,0,0,0,0,0,0,1050,475,20,700,0,1811,1431,,,
0.23,3,1.2,9,11,0,0,0,0,0,0,0,1050,475,50,700,0,1623,1351,,,
0.23,3,1.2,9,11,0,0,0,0,0,0,0,1050,475,0,700,24,2024,1323,,,
0.23,3,1.2,9,11,0,0,0,0,0,0,0,1050,475,1,700,24,1894,1414,,,
0.23,3,1.2,9,11,0,0,0,0,0,0,0,1050,475,5,700,24,1951,1588,,,
0.23,3,1.2,9,11,0,0,0,0,0,0,0,1050,475,10,700,24,1916,1563,,,
0.23,3,1.2,9,11,0,0,0,0,0,0,0,1050,475,20,700,24,1788,1505,,,
0.23,3,1.2,9,11,0,0,0,0,0,0,0,1050,475,50,700,24,1659,1415,,,
0.23,3,1.2,9,11,0,0,0,0,0,0,0,1050,475,0,0,0,1600,1058,,,
0.23,3,1.2,9,11,0,0,0,0,0,0,0,1050,475,1,0,0,1455,1177,,,
0.23,3,1.2,9,11,0,0,0,0,0,0,0,1050,475,5,0,0,1373,1119,,,
0.23,3,1.2,9,11,0,0,0,0,0,0,0,1050,475,10,0,0,1377,1200,,,
0.23,3,1.2,9,11,0,0,0,0,0,0,0,1050,475,20,0,0,1386,1208,,,
0.23,3,1.2,9,11,0,0,0,0,0,0,0,1050,475,50,0,0,,,,,
0.23,3,1.2,9,8,0,0,0,0,0,0,0,900,475,0,850,0,2032,1294,44,,55.2
0.23,3,1.2,9,8,0,0,0,0,0,0,0,900,475,1,850,0,1802,1414,49,,53.1
0.23,3,1.2,9,8,0,0,0,0,0,0,0,900,475,5,850,0,1854,1472,52.4,,54.4
0.23,3,1.2,9,8,0,0,0,0,0,0,0,900,475,10,850,0,1868,1478,56.8,,54.5
0.23,3,1.2,9,8,0,0,0,0,0,0,0,900,475,20,850,0,1873,1548,54.4,,54
0.23,3,1.2,9,8,0,0,0,0,0,0,0,900,475,50,850,0,1776,1535,68.6,,53.8
0.23,3,1.2,9,8,0,0,0,0,0,0,0,900,475,0,850,24,2022,1420,,,
0.23,3,1.2,9,8,0,0,0,0,0,0,0,900,475,1,850,24,1775,1418,,,
0.23,3,1.2,9,8,0,0,0,0,0,0,0,900,475,5,850,24,1802,1417,,,
0.23,3,1.2,9,8,0,0,0,0,0,0,0,900,475,10,850,24,1839,1526,,,
0.23,3,1.2,9,8,0,0,0,0,0,0,0,900,475,20,850,24,1844,1578,,,
0.23,3,1.2,9,8,0,0,0,0,0,0,0,900,475,50,850,24,1793,1587,,,
0.23,3,1.2,9,8,0,0,0,0,0,0,0,900,475,0,0,0,1788,1170,,,
0.23,3,1.2,9,8,0,0,0,0,0,0,0,900,475,1,0,0,1691,1310,,,
0.23,3,1.2,9,8,0,0,0,0,0,0,0,900,475,5,0,0,1700,1362,,,
0.23,3,1.2,9,8,0,0,0,0,0,0,0,900,475,10,0,0,1722,1424,,,
0.23,3,1.2,9,8,0,0,0,0,0,0,0,900,475,20,0,0,1627,1416,,,
0.23,3,1.2,9,8,0,0,0,0,0,0,0,900,450,0,850,0,,,44,,55.2
0.23,3,1.2,9,8,0,0,0,0,0,0,0,900,450,5,850,0,,,46.6,,53.9
0.23,3,1.2,9,8,0,0,0,0,0,0,0,900,500,0,850,0,,,44,,55.2
0.23,3,1.2,9,8,0,0,0,0,0,0,0,900,500,5,850,0,,,57.3,,54.2
0.23,3,1.2,9,8,0,0,0,0,0,0,0,900,525,0,850,0,,,44,,55.2
0.23,3,1.2,9,8,0,0,0,0,0,0,0,900,525,5,850,0,,,73,,52.3
0.23,3,1.2,9,8,0,0,0,0,0,0,0,1050,475,0,700,0,2013,1334,57.8,,55.1
0.23,3,1.2,9,8,0,0,0,0,0,0,0,1050,475,1,700,0,1818,1435,49,,54.4
0.23,3,1.2,9,8,0,0,0,0,0,0,0,1050,475,5,700,0,1854,1466,55.9,,54.4
0.23,3,1.2,9,8,0,0,0,0,0,0,0,1050,475,10,700,0,1869,1530,58.8,,55
0.23,3,1.2,9,8,0,0,0,0,0,0,0,1050,475,20,700,0,1866,1551,63.7,,54.8
0.23,3,1.2,9,8,0,0,0,0,0,0,0,1050,475,50,700,0,1780,1566,86.7,,53.7
0.23,3,1.2,9,8,0,0,0,0,0,0,0,1050,475,0,700,24,2022,1420,,,
0.23,3,1.2,9,8,0,0,0,0,0,0,0,1050,475,1,700,24,1775,1418,,,
0.23,3,1.2,9,8,0,0,0,0,0,0,0,1050,475,5,700,24,1802,1417,,,
0.23,3,1.2,9,8,0,0,0,0,0,0,0,1050,475,10,700,24,1839,1526,,,
0.23,3,1.2,9,8,0,0,0,0,0,0,0,1050,475,20,700,24,1844,1578,,,
0.23,3,1.2,9,8,0,0,0,0,0,0,0,1050,475,50,700,24,1793,1587,,,
0.23,3,1.2,9,8,0,0,0,0,0,0,0,1050,475,0,0,0,1323,962,,,
0.23,3,1.2,9,8,0,0,0,0,0,0,0,1050,475,5,0,0,1353,1034,,,
0.23,3,1.2,9,8,0,0,0,0,0,0,0,1050,475,10,0,0,1314,1154,,,
0.23,3,1.2,9,8,0,0,0,0,0,0,0,1050,475,20,0,0,1402,1250,,,
0.23,3,1.2,9,8,0,0,0,0,0,0,0,1050,450,0,700,0,,,57.8,,55.1
0.23,3,1.2,9,8,0,0,0,0,0,0,0,1050,450,5,700,0,,,45.1,,54.2
0.23,3,1.2,9,8,0,0,0,0,0,0,0,1050,500,0,700,0,,,57.8,,55.1
0.23,3,1.2,9,8,0,0,0,0,0,0,0,1050,500,5,700,0,,,76.4,,54.9
0.23,3,1.2,9,8,0,0,0,0,0,0,0,1050,525,0,700,0,,,57.8,,55.1
0.23,3,1.2,9,8,0,0,0,0,0,0,0,1050,525,5,700,0,,,89.2,,52.9
0.23,3,1.2,9,8,0,0,0,0,0,0,0,1200,475,0,700,0,2034,1313,56.8,,55.1
0.23,3,1.2,9,8,0,0,0,0,0,0,0,1200,475,1,700,0,1837,1420,48.5,,53.8
0.23,3,1.2,9,8,0,0,0,0,0,0,0,1200,475,5,700,0,1872,1473,56.8,,54
0.23,3,1.2,9,8,0,0,0,0,0,0,0,1200,475,10,700,0,1879,1517,54.9,,54.8
0.23,3,1.2,9,8,0,0,0,0,0,0,0,1200,475,20,700,0,1851,1562,60.8,,54
0.23,3,1.2,9,8,0,0,0,0,0,0,0,1200,475,50,700,0,1773,1537,85.8,,53.5
0.23,3,1.2,9,8,0,0,0,0,0,0,0,1200,475,0,700,24,2000,1437,,,
0.23,3,1.2,9,8,0,0,0,0,0,0,0,1200,475,1,700,24,1769,1404,,,
0.23,3,1.2,9,8,0,0,0,0,0,0,0,1200,475,5,700,24,1831,1492,,,
0.23,3,1.2,9,8,0,0,0,0,0,0,0,1200,475,10,700,24,1839,1511,,,
0.23,3,1.2,9,8,0,0,0,0,0,0,0,1200,475,20,700,24,1840,1551,,,
0.23,3,1.2,9,8,0,0,0,0,0,0,0,1200,475,50,700,24,1784,1545,,,
0.23,3,1.2,9,8,0,0,0,0,0,0,0,1200,450,0,700,0,,,56.8,,55.1
0.23,3,1.2,9,8,0,0,0,0,0,0,0,1200,450,5,700,0,,,47,,53.5
0.23,3,1.2,9,8,0,0,0,0,0,0,0,1200,500,0,700,0,,,56.8,,55.1
0.23,3,1.2,9,8,0,0,0,0,0,0,0,1200,500,5,700,0,,,65.7,,54.4
0.23,3,1.2,9,8,0,0,0,0,0,0,0,1200,525,0,700,0,,,56.8,,55.1
0.23,3,1.2,9,8,0,0,0,0,0,0,0,1200,525,5,700,0,,,97,,51.6
0.28,4,1.5,9,11,0,0,0,0,0,0,0,1200,475,0,700,0,2160,890,39.2,,55
0.28,4,1.5,9,11,0,0,0,0,0,0,0,1200,475,1,700,0,2075,1086,35.8,,56.6
0.28,4,1.5,9,11,0,0,0,0,0,0,0,1200,475,5,700,0,2098,1519,28.9,,57.5
0.28,4,1.5,9,11,0,0,0,0,0,0,0,1200,475,10,700,0,2050,1571,29.4,,56.9
0.28,4,1.5,9,11,0,0,0,0,0,0,0,1200,475,20,700,0,1937,1482,32.3,,55.2
0.28,4,1.5,9,11,0,0,0,0,0,0,0,1200,475,50,700,0,1678,1325,51,,51.8
0.28,4,1.5,9,11,0,0,0,0,0,0,0,1050,475,0,700,0,2160,917,39.2,,54.8
0.28,4,1.5,9,11,0,0,0,0,0,0,0,1050,475,1,700,0,2082,1080,37.2,,55.1
0.28,4,1.5,9,11,0,0,0,0,0,0,0,1050,475,5,700,0,2094,1501,31.4,,57.6
0.28,4,1.5,9,11,0,0,0,0,0,0,0,1050,475,10,700,0,2050,1533,35.3,,56.7
0.28,4,1.5,9,11,0,0,0,0,0,0,0,1050,475,20,700,0,1953,1489,39.2,,54.6
0.28,4,1.5,9,11,0,0,0,0,0,0,0,1050,475,50,700,0,1744,1372,45.6,,51
0.28,4,1.5,9,11,0,0,0,0,0,0,0,900,475,0,700,0,2155,968,30.4,,56
0.28,4,1.5,9,11,0,0,0,0,0,0,0,900,475,1,700,0,2095,1204,31.4,,56.3
0.28,4,1.5,9,11,0,0,0,0,0,0,0,900,475,5,700,0,2083,1552,24.5,,57.3
0.28,4,1.5,9,11,0,0,0,0,0,0,0,900,475,10,700,0,2004,1529,32.3,,56.2
0.28,4,1.5,9,11,0,0,0,0,0,0,0,900,475,20,700,0,1918,1462,32.3,,54.1
0.28,4,1.5,9,11,0,0,0,0,0,0,0,900,475,50,700,0,1687,1327,50,,49.7
0.28,4,1.5,9,11,0,0,0,0,0,0,0,1050,475,0,0,0,2097,901,30.9,,54.3
0.28,4,1.5,9,11,0,0,0,0,0,0,0,1050,475,1,0,0,1957,1042,36.3,,53.8
0.28,4,1.5,9,11,0,0,0,0,0,0,0,1050,475,5,0,0,2004,1391,20.6,,56.3
0.28,4,1.5,9,11,0,0,0,0,0,0,0,1050,475,10,0,0,1976,1434,25.5,,55.9
0.28,4,1.5,9,11,0,0,0,0,0,0,0,1050,475,20,0,0,1862,1409,24,,54.3
0.28,4,1.5,9,11,0,0,0,0,0,0,0,1050,475,50,0,0,1669,1259,27.9,,51
0.28,4,1.5,9,11,0,0,0,0,0,0,0,1200,475,0,0,0,2159,831,28.4,,54.6
0.28,4,1.5,9,11,0,0,0,0,0,0,0,1200,475,1,0,0,2002,1089,30.9,,54.2
0.28,4,1.5,9,11,0,0,0,0,0,0,0,1200,475,5,0,0,2043,1430,18.6,,56.5
0.28,4,1.5,9,11,0,0,0,0,0,0,0,1200,475,10,0,0,2005,1469,19.1,,55.8
0.28,4,1.5,9,11,0,0,0,0,0,0,0,1200,475,20,0,0,1874,1401,18.6,,53.8
0.28,4,1.5,9,11,0,0,0,0,0,0,0,1200,475,50,0,0,1704,1315,20.6,,51.3
0.23,3,1.2,13,11,0,0,0,0,0,0,0,900,475,0,850,0,2115,1196,42.1,,55.8
0.23,3,1.2,13,11,0,0,0,0,0,0,0,900,475,1,850,0,2033,1433,42.1,,56.7
0.23,3,1.2,13,11,0,0,0,0,0,0,0,900,475,5,850,0,2059,1550,38.2,,57.1
0.23,3,1.2,13,11,0,0,0,0,0,0,0,900,475,10,850,0,1956,1517,51.5,,56.1
0.23,3,1.2,13,11,0,0,0,0,0,0,0,900,475,20,850,0,1810,1436,62.7,,53
0.23,3,1.2,13,11,0,0,0,0,0,0,0,900,475,50,850,0,1622,1367,64.7,,50.8
0.23,3,1.2,13,11,0,0,0,0,0,0,0,900,475,0,850,24,2000,1339,,,
0.23,3,1.2,13,11,0,0,0,0,0,0,0,900,475,1,850,24,2039,1621,,,
0.23,3,1.2,13,11,0,0,0,0,0,0,0,900,475,5,850,24,2050,1708,,,
0.23,3,1.2,13,11,0,0,0,0,0,0,0,900,475,10,850,24,1969,1691,,,
0.23,3,1.2,13,11,0,0,0,0,0,0,0,900,475,20,850,24,1856,1601,,,
0.23,3,1.2,13,11,0,0,0,0,0,0,0,900,475,50,850,24,1569,1409,,,
0.23,3,1.2,13,11,0,0,0,0,0,0,0,900,475,0,700,0,2094,1299,,,
0.23,3,1.2,13,11,0,0,0,0,0,0,0,900,475,1,700,0,2055,1514,,,
0.23,3,1.2,13,11,0,0,0,0,0,0,0,900,475,5,700,0,2020,1624,,,
0.23,3,1.2,13,11,0,0,0,0,0,0,0,900,475,10,700,0,1919,1581,,,
0.23,3,1.2,13,11,0,0,0,0,0,0,0,900,475,20,700,0,1799,1528,,,
0.23,3,1.2,13,11,0,0,0,0,0,0,0,900,475,50,700,0,1610,1441,,,
0.23,3,1.2,13,11,0,0,0,0,0,0,0,900,475,0,700,24,2035,1373,,,
0.23,3,1.2,13,11,0,0,0,0,0,0,0,900,475,1,700,24,2063,1612,,,
0.23,3,1.2,13,11,0,0,0,0,0,0,0,900,475,5,700,24,2049,1726,,,
0.23,3,1.2,13,11,0,0,0,0,0,0,0,900,475,10,700,24,1976,1694,,,
0.23,3,1.2,13,11,0,0,0,0,0,0,0,900,475,20,700,24,1850,1627,,,
0.23,3,1.2,13,11,0,0,0,0,0,0,0,900,475,50,700,24,1584,1443,,,
0.23,3,1.2,13,11,0,0,0,0,0,0,0,900,475,0,0,0,1937,1243,,,
0.23,3,1.2,13,11,0,0,0,0,0,0,0,900,475,1,0,0,1822,1345,,,
0.23,3,1.2,13,11,0,0,0,0,0,0,0,900,475,5,0,0,1907,1472,,,
0.23,3,1.2,13,11,0,0,0,0,0,0,0,900,475,10,0,0,1832,1503,,,
0.23,3,1.2,13,11,0,0,0,0,0,0,0,900,475,20,0,0,1729,1435,,,
0.23,3,1.2,13,11,0,0,0,0,0,0,0,900,450,0,850,0,,,42.1,,55.8
0.23,3,1.2,13,11,0,0,0,0,0,0,0,900,450,1,850,0,,,39.2,,55.2
0.23,3,1.2,13,11,0,0,0,0,0,0,0,900,450,5,850,0,,,35.3,,57.1
0.23,3,1.2,13,11,0,0,0,0,0,0,0,900,450,10,850,0,,,39.2,,58
0.23,3,1.2,13,11,0,0,0,0,0,0,0,900,450,20,850,0,,,42.6,,57.7
0.23,3,1.2,13,11,0,0,0,0,0,0,0,900,450,50,850,0,,,48,,55.9
0.23,3,1.2,13,11,0,0,0,0,0,0,0,900,450,100,850,0,,,50,,53.2
0.23,3,1.2,13,11,0,0,0,0,0,0,0,900,500,0,850,0,,,42.1,,55.8
0.23,3,1.2,13,11,0,0,0,0,0,0,0,900,500,5,850,0,,,58.8,,53.5
0.23,3,1.2,13,11,0,0,0,0,0,0,0,900,525,0,850,0,,,42.1,,55.8
0.23,3,1.2,13,11,0,0,0,0,0,0,0,900,475,0,700,0,,,41.2,,55.8
0.23,3,1.2,13,11,0,0,0,0,0,0,0,900,475,1,700,0,,,42.1,,57
0.23,3,1.2,13,11,0,0,0,0,0,0,0,900,475,5,700,0,,,47,,56.8
0.23,3,1.2,13,11,0,0,0,0,0,0,0,900,475,10,700,0,,,59.3,,55.7
0.23,3,1.2,13,11,0,0,0,0,0,0,0,900,475,20,700,0,,,63.7,,53.9
0.23,3,1.2,13,11,0,0,0,0,0,0,0,900,475,50,700,0,,,78.4,,50.4
0.23,3,1.2,13,11,0,0,0,0,0,0,0,900,450,0,700,0,,,41.2,,55.8
0.23,3,1.2,13,11,0,0,0,0,0,0,0,900,450,1,700,0,,,37.2,,56.4
0.23,3,1.2,13,11,0,0,0,0,0,0,0,900,450,5,700,0,,,45.1,,57.7
0.23,3,1.2,13,11,0,0,0,0,0,0,0,900,450,10,700,0,,,42.1,,58.1
0.23,3,1.2,13,11,0,0,0,0,0,0,0,900,450,20,700,0,,,51.5,,56.9
0.23,3,1.2,13,11,0,0,0,0,0,0,0,900,450,50,700,0,,,54.9,,55.7
0.23,3,1.2,13,11,0,0,0,0,0,0,0,900,450,100,700,0,,,68.6,,53.6
0.23,3,1.2,13,11,0,0,0,0,0,0,0,900,500,0,700,0,,,41.2,,55.8
0.23,3,1.2,13,11,0,0,0,0,0,0,0,900,500,5,700,0,,,69.6,,54.1
0.23,3,1.2,13,11,0,0,0,0,0,0,0,900,525,0,700,0,,,41.2,,55.8
0.23,3,1.2,13,11,0,0,0,0,0,0,0,1050,475,0,850,0,2087,1213,48,,56.6
0.23,3,1.2,13,11,0,0,0,0,0,0,0,1050,475,1,850,0,2009,1422,44.1,,56.5
0.23,3,1.2,13,11,0,0,0,0,0,0,0,1050,475,5,850,0,2028,1584,52.4,,57
0.23,3,1.2,13,11,0,0,0,0,0,0,0,1050,475,10,850,0,1949,1498,57.8,,56.2
0.23,3,1.2,13,11,0,0,0,0,0,0,0,1050,475,20,850,0,1802,1453,59.3,,54.4
0.23,3,1.2,13,11,0,0,0,0,0,0,0,1050,475,50,850,0,1612,1357,73,,50.9
0.23,3,1.2,13,11,0,0,0,0,0,0,0,1050,450,0,850,0,,,48,,56.6
0.23,3,1.2,13,11,0,0,0,0,0,0,0,1050,450,1,850,0,,,35.8,,55.4
0.23,3,1.2,13,11,0,0,0,0,0,0,0,1050,450,5,850,0,,,39.2,,56.5
0.23,3,1.2,13,11,0,0,0,0,0,0,0,1050,450,10,850,0,,,44.1,,57.4
0.23,3,1.2,13,11,0,0,0,0,0,0,0,1050,450,20,850,0,,,44.1,,57.1
0.23,3,1.2,13,11,0,0,0,0,0,0,0,1050,450,50,850,0,,,54.9,,55.4
0.23,3,1.2,13,11,0,0,0,0,0,0,0,1050,450,100,850,0,,,62.2,,53.9
0.23,3,1.2,13,11,0,0,0,0,0,0,0,1050,500,0,850,0,,,48,,56.6
0.23,3,1.2,13,11,0,0,0,0,0,0,0,1050,500,5,850,0,,,70.6,,53.5
0.23,3,1.2,13,11,0,0,0,0,0,0,0,1050,525,0,850,0,,,48,,56.6
0.23,3,1.2,13,11,0,0,0,0,0,0,0,1050,475,0,850,0,2129,1202,,,
0.23,3,1.2,13,11,0,0,0,0,0,0,0,1050,475,1,850,0,1899,1251,,,
0.23,3,1.2,13,11,0,0,0,0,0,0,0,1050,475,5,850,0,1936,1426,,,
0.23,3,1.2,13,11,0,0,0,0,0,0,0,1050,475,10,850,0,1946,1459,,,
0.23,3,1.2,13,11,0,0,0,0,0,0,0,1050,475,20,850,0,1847,1430,,,
0.23,3,1.2,13,11,0,0,0,0,0,0,0,1050,475,50,850,0,1704,1342,,,
0.23,3,1.2,13,11,0,0,0,0,0,0,0,1050,475,0,850,24,2000,1342,,,
0.23,3,1.2,13,11,0,0,0,0,0,0,0,1050,475,1,850,24,2016,1592,,,
0.23,3,1.2,13,11,0,0,0,0,0,0,0,1050,475,5,850,24,2067,1725,,,
0.23,3,1.2,13,11,0,0,0,0,0,0,0,1050,475,10,850,24,1988,1682,,,
0.23,3,1.2,13,11,0,0,0,0,0,0,0,1050,475,20,850,24,1862,1609,,,
0.23,3,1.2,13,11,0,0,0,0,0,0,0,1050,475,50,850,24,1585,1409,,,
0.23,3,1.2,13,11,0,0,0,0,0,0,0,1050,475,0,0,0,1561,1114,,,
0.23,3,1.2,13,11,0,0,0,0,0,0,0,1050,475,1,0,0,1583,1255,,,
0.23,3,1.2,13,11,0,0,0,0,0,0,0,1050,475,5,0,0,1469,1194,,,
0.23,3,1.2,13,11,0,0,0,0,0,0,0,1050,475,10,0,0,1406,1272,,,
0.23,3,1.2,13,11,0,0,0,0,0,0,0,1050,475,20,0,0,1407,1216,,,
0.23,3,1.2,13,14,0,0,0,0,0,0,0,900,475,0,850,0,2032,1009,47.5,,54.6
0.23,3,1.2,13,14,0,0,0,0,0,0,0,900,475,1,850,0,2044,1514,44.1,,57.2
0.23,3,1.2,13,14,0,0,0,0,0,0,0,900,475,5,850,0,1937,1481,52.4,,55.8
0.23,3,1.2,13,14,0,0,0,0,0,0,0,900,475,10,850,0,1856,1435,58.8,,54
0.23,3,1.2,13,14,0,0,0,0,0,0,0,900,475,20,850,0,1745,1376,75.7,,52.2
0.23,3,1.2,13,14,0,0,0,0,0,0,0,900,475,50,850,0,1566,1287,79.9,,48.6
0.23,3,1.2,13,14,0,0,0,0,0,0,0,900,475,0,850,24,1915,1254,,,
0.23,3,1.2,13,14,0,0,0,0,0,0,0,900,475,1,850,24,2063,1685,,,
0.23,3,1.2,13,14,0,0,0,0,0,0,0,900,475,5,850,24,1949,1594,,,
0.23,3,1.2,13,14,0,0,0,0,0,0,0,900,475,10,850,24,1949,1594,,,
0.23,3,1.2,13,14,0,0,0,0,0,0,0,900,475,20,850,24,1773,1500,,,
0.23,3,1.2,13,14,0,0,0,0,0,0,0,900,475,50,850,24,1561,1350,,,
0.23,3,1.2,13,14,0,0,0,0,0,0,0,900,475,0,700,0,2009,1054,53,,54.7
0.23,3,1.2,13,14,0,0,0,0,0,0,0,900,475,1,700,0,2047,1491,31.9,,56.7
0.23,3,1.2,13,14,0,0,0,0,0,0,0,900,475,5,700,0,1950,1509,55.4,,55.5
0.23,3,1.2,13,14,0,0,0,0,0,0,0,900,475,10,700,0,1857,1433,62.2,,54.1
0.23,3,1.2,13,14,0,0,0,0,0,0,0,900,475,20,700,0,1753,1407,79.4,,51.4
0.23,3,1.2,13,14,0,0,0,0,0,0,0,900,475,50,700,0,1557,1286,86.2,,49
0.23,3,1.2,13,14,0,0,0,0,0,0,0,900,475,0,700,24,1918,,,,
0.23,3,1.2,13,14,0,0,0,0,0,0,0,900,475,1,700,24,2071,,,,
0.23,3,1.2,13,14,0,0,0,0,0,0,0,900,475,5,700,24,1963,,,,
0.23,3,1.2,13,14,0,0,0,0,0,0,0,900,475,10,700,24,1823,,,,
0.23,3,1.2,13,14,0,0,0,0,0,0,0,900,475,20,700,24,1711,,,,
0.23,3,1.2,13,14,0,0,0,0,0,0,0,900,475,50,700,24,1538,,,,
0.23,3,1.2,13,14,0,0,0,0,0,0,0,900,475,0,0,0,1893,982,,,
0.23,3,1.2,13,14,0,0,0,0,0,0,0,900,475,1,0,0,1899,1330,,,
0.23,3,1.2,13,14,0,0,0,0,0,0,0,900,475,5,0,0,1862,1392,,,
0.23,3,1.2,13,14,0,0,0,0,0,0,0,900,475,10,0,0,1716,1313,,,
0.23,3,1.2,13,14,0,0,0,0,0,0,0,900,450,0,850,0,,,47.5,,54.6
0.23,3,1.2,13,14,0,0,0,0,0,0,0,900,450,1,850,0,,,41.2,,55.9
0.23,3,1.2,13,14,0,0,0,0,0,0,0,900,450,5,850,0,,,46.1,,57.4
0.23,3,1.2,13,14,0,0,0,0,0,0,0,900,450,10,850,0,,,42.6,,56.9
0.23,3,1.2,13,14,0,0,0,0,0,0,0,900,450,20,850,0,,,42.1,,56.1
0.23,3,1.2,13,14,0,0,0,0,0,0,0,900,450,50,850,0,,,61.7,,53.5
0.23,3,1.2,13,14,0,0,0,0,0,0,0,900,450,100,850,0,,,78.9,,50.3
0.23,3,1.2,13,14,0,0,0,0,0,0,0,900,450,0,700,0,,,53,,54.7
0.23,3,1.2,13,14,0,0,0,0,0,0,0,900,450,1,700,0,,,38.2,,55.7
0.23,3,1.2,13,14,0,0,0,0,0,0,0,900,450,5,700,0,,,48,,57.2
0.23,3,1.2,13,14,0,0,0,0,0,0,0,900,450,10,700,0,,,49,,56.4
0.23,3,1.2,13,14,0,0,0,0,0,0,0,900,450,20,700,0,,,51.5,,54.3
0.23,3,1.2,13,14,0,0,0,0,0,0,0,900,450,50,700,0,,,63.2,,53.5
0.23,3,1.2,13,14,0,0,0,0,0,0,0,900,450,100,700,0,,,78.4,,50.9
0.23,3,1.2,13,14,0,0,0,0,0,0,0,900,500,0,850,0,,,47.5,,54.6
0.23,3,1.2,13,14,0,0,0,0,0,0,0,900,500,5,850,0,,,71.5,,52.9
0.23,3,1.2,13,14,0,0,0,0,0,0,0,900,500,0,700,0,,,53,,54.7
0.23,3,1.2,13,14,0,0,0,0,0,0,0,900,500,5,700,0,,,75.5,,51.4
0.23,3,1.2,13,14,0,0,0,0,0,0,0,900,525,0,850,0,,,47.5,,54.6
0.23,3,1.2,13,14,0,0,0,0,0,0,0,900,525,0,700,0,,,53,,54.7
0.23,3,1.2,13,14,0,0,0,0,0,0,0,1050,475,0,700,0,1992,1051,60.8,,54.1
0.23,3,1.2,13,14,0,0,0,0,0,0,0,1050,475,1,700,0,2033,1446,38.2,,56.5
0.23,3,1.2,13,14,0,0,0,0,0,0,0,1050,475,5,700,0,1828,1435,53.9,,54.8
0.23,3,1.2,13,14,0,0,0,0,0,0,0,1050,475,10,700,0,1823,1405,63.7,,53.3
0.23,3,1.2,13,14,0,0,0,0,0,0,0,1050,475,20,700,0,1671,1357,78.4,,52.3
0.23,3,1.2,13,14,0,0,0,0,0,0,0,1050,475,50,700,0,1533,1254,92.1,,49
0.23,3,1.2,13,14,0,0,0,0,0,0,0,1050,475,0,700,24,1875,1231,,,
0.23,3,1.2,13,14,0,0,0,0,0,0,0,1050,475,1,700,24,2011,1603,,,
0.23,3,1.2,13,14,0,0,0,0,0,0,0,1050,475,5,700,24,1905,1577,,,
0.23,3,1.2,13,14,0,0,0,0,0,0,0,1050,475,10,700,24,1849,1535,,,
0.23,3,1.2,13,14,0,0,0,0,0,0,0,1050,475,20,700,24,1684,1439,,,
0.23,3,1.2,13,14,0,0,0,0,0,0,0,1050,475,50,700,24,1524,1309,,,
0.23,3,1.2,13,14,0,0,0,0,0,0,0,1050,475,0,0,0,1162,842,,,
0.23,3,1.2,13,14,0,0,0,0,0,0,0,1050,475,1,0,0,1190,1100,,,
0.23,3,1.2,13,14,0,0,0,0,0,0,0,1050,475,5,0,0,1408,1149,,,
0.23,3,1.2,13,14,0,0,0,0,0,0,0,1050,475,10,0,0,1290,1156,,,
0.23,3,1.2,13,14,0,0,0,0,0,0,0,1050,450,0,700,0,,,60.8,,54.1
0.23,3,1.2,13,14,0,0,0,0,0,0,0,1050,450,1,700,0,,,41.2,,55.4
0.23,3,1.2,13,14,0,0,0,0,0,0,0,1050,450,5,700,0,,,46.1,,57
0.23,3,1.2,13,14,0,0,0,0,0,0,0,1050,450,10,700,0,,,47,,57.3
0.23,3,1.2,13,14,0,0,0,0,0,0,0,1050,450,20,700,0,,,54.9,,55.1
0.23,3,1.2,13,14,0,0,0,0,0,0,0,1050,450,50,700,0,,,59.8,,54.1
0.23,3,1.2,13,14,0,0,0,0,0,0,0,1050,450,100,700,0,,,63.7,,51.5
0.23,3,1.2,13,14,0,0,0,0,0,0,0,1050,500,0,700,0,,,60.8,,54.1
0.23,3,1.2,13,14,0,0,0,0,0,0,0,1050,500,5,700,0,,,76.4,,52.7
0.23,3,1.2,13,14,0,0,0,0,0,0,0,1050,525,0,700,0,,,60.8,,54.1
0.23,3,1.2,13,8,0,0,0,0,0,0,0,900,475,0,850,0,1998,1324,55.4,,54.5
0.23,3,1.2,13,8,0,0,0,0,0,0,0,900,475,1,850,0,1897,1505,40.7,,54.6
0.23,3,1.2,13,8,0,0,0,0,0,0,0,900,475,5,850,0,1968,1577,46.1,,56.4
0.23,3,1.2,13,8,0,0,0,0,0,0,0,900,475,10,850,0,1977,1676,51,,56.7
0.23,3,1.2,13,8,0,0,0,0,0,0,0,900,475,20,850,0,1945,1686,56.8,,56.3
0.23,3,1.2,13,8,0,0,0,0,0,0,0,900,475,50,850,0,1806,1602,71.5,,53.9
0.23,3,1.2,13,8,0,0,0,0,0,0,0,900,475,0,850,24,2009,1497,,,
0.23,3,1.2,13,8,0,0,0,0,0,0,0,900,475,1,850,24,1875,1515,,,
0.23,3,1.2,13,8,0,0,0,0,0,0,0,900,475,5,850,24,1941,1655,,,
0.23,3,1.2,13,8,0,0,0,0,0,0,0,900,475,10,850,24,1967,1691,,,
0.23,3,1.2,13,8,0,0,0,0,0,0,0,900,475,20,850,24,1955,1735,,,
0.23,3,1.2,13,8,0,0,0,0,0,0,0,900,475,50,850,24,1821,1658,,,
0.23,3,1.2,13,8,0,0,0,0,0,0,0,900,475,0,0,0,1739,1130,,,
0.23,3,1.2,13,8,0,0,0,0,0,0,0,900,475,5,0,0,1801,1454,,,
0.23,3,1.2,13,8,0,0,0,0,0,0,0,900,475,10,0,0,1813,1494,,,
0.23,3,1.2,13,8,0,0,0,0,0,0,0,900,475,20,0,0,1844,1569,,,
0.23,3,1.2,13,8,0,0,0,0,0,0,0,900,475,50,0,0,1693,1482,,,
0.23,3,1.2,13,8,0,0,0,0,0,0,0,900,450,0,850,0,,,55.4,,54.5
0.23,3,1.2,13,8,0,0,0,0,0,0,0,900,450,1,850,0,,,41.2,,53.9
0.23,3,1.2,13,8,0,0,0,0,0,0,0,900,450,5,850,0,,,34.3,,55.5
0.23,3,1.2,13,8,0,0,0,0,0,0,0,900,450,10,850,0,,,41.2,,55.6
0.23,3,1.2,13,8,0,0,0,0,0,0,0,900,450,20,850,0,,,41.2,,56
0.23,3,1.2,13,8,0,0,0,0,0,0,0,900,450,50,850,0,,,49.5,,56.8
0.23,3,1.2,13,8,0,0,0,0,0,0,0,900,450,100,850,0,,,64.7,,56.3
0.23,3,1.2,13,8,0,0,0,0,0,0,0,900,450,200,850,0,,,68.6,,54.1
0.23,3,1.2,13,8,0,0,0,0,0,0,0,900,500,0,850,0,,,55.4,,54.5
0.23,3,1.2,13,8,0,0,0,0,0,0,0,900,500,5,850,0,,,68.6,,55.5
0.23,3,1.2,13,8,0,0,0,0,0,0,0,900,525,0,850,0,,,55.4,,54.5
0.23,3,1.2,13,8,0,0,0,0,0,0,0,900,525,5,850,0,,,81.8,,52
0.23,3,1.2,13,8,0,0,0,0,0,0,0,1050,475,0,850,0,1975,1318,65.7,,54.4
0.23,3,1.2,13,8,0,0,0,0,0,0,0,1050,475,1,850,0,1897,1493,41.2,,55
0.23,3,1.2,13,8,0,0,0,0,0,0,0,1050,475,5,850,0,1974,1564,49,,55.3
0.23,3,1.2,13,8,0,0,0,0,0,0,0,1050,475,10,850,0,1998,1637,49,,56.2
0.23,3,1.2,13,8,0,0,0,0,0,0,0,1050,475,20,850,0,1900,1637,61.7,,56.1
0.23,3,1.2,13,8,0,0,0,0,0,0,0,1050,475,50,850,0,1818,1607,79.4,,53.4
0.23,3,1.2,13,8,0,0,0,0,0,0,0,1050,475,0,850,24,1926,1409,,,
0.23,3,1.2,13,8,0,0,0,0,0,0,0,1050,475,1,850,24,1874,1529,,,
0.23,3,1.2,13,8,0,0,0,0,0,0,0,1050,475,5,850,24,2015,1706,,,
0.23,3,1.2,13,8,0,0,0,0,0,0,0,1050,475,10,850,24,1941,1665,,,
0.23,3,1.2,13,8,0,0,0,0,0,0,0,1050,475,20,850,24,1943,1688,,,
0.23,3,1.2,13,8,0,0,0,0,0,0,0,1050,475,50,850,24,1804,1608,,,
0.23,3,1.2,13,8,0,0,0,0,0,0,0,1050,475,0,0,0,1331,959,,,
0.23,3,1.2,13,8,0,0,0,0,0,0,0,1050,475,5,0,0,1402,1097,,,
0.23,3,1.2,13,8,0,0,0,0,0,0,0,1050,475,10,0,0,1423,1239,,,
0.23,3,1.2,13,8,0,0,0,0,0,0,0,1050,475,20,0,0,1464,1227,,,
0.23,3,1.2,13,8,0,0,0,0,0,0,0,1050,450,0,850,0,,,65.7,,54.4
0.23,3,1.2,13,8,0,0,0,0,0,0,0,1050,450,1,850,0,,,40.2,,53
0.23,3,1.2,13,8,0,0,0,0,0,0,0,1050,450,5,850,0,,,38.2,,54.9
0.23,3,1.2,13,8,0,0,0,0,0,0,0,1050,450,10,850,0,,,42.1,,55.2
0.23,3,1.2,13,8,0,0,0,0,0,0,0,1050,450,20,850,0,,,42.1,,54.9
0.23,3,1.2,13,8,0,0,0,0,0,0,0,1050,450,50,850,0,,,41.2,,55.8
0.23,3,1.2,13,8,0,0,0,0,0,0,0,1050,450,100,850,0,,,51.9,,56.6
0.23,3,1.2,13,8,0,0,0,0,0,0,0,1050,450,200,850,0,,,75,,53.9
0.23,3,1.2,13,8,0,0,0,0,0,0,0,1050,500,0,850,0,,,65.7,,54.4
0.23,3,1.2,13,8,0,0,0,0,0,0,0,1050,500,5,850,0,,,66.6,,53.5
0.23,3,1.2,13,8,0,0,0,0,0,0,0,1050,525,0,850,0,,,65.7,,54.4
0.23,3,1.2,13,8,0,0,0,0,0,0,0,1050,525,5,850,0,,,97,,52
0.23,3,1.2,13,8,0,0,0,0,0,0,0,1200,475,0,850,0,1966,1313,64.7,,54
0.23,3,1.2,13,8,0,0,0,0,0,0,0,1200,475,1,850,0,1863,1463,43.1,,54.3
0.23,3,1.2,13,8,0,0,0,0,0,0,0,1200,475,5,850,0,1939,1566,46.6,,55.4
0.23,3,1.2,13,8,0,0,0,0,0,0,0,1200,475,10,850,0,1963,1649,56.4,,56.5
0.23,3,1.2,13,8,0,0,0,0,0,0,0,1200,475,20,850,0,1926,1655,67.1,,55.5
0.23,3,1.2,13,8,0,0,0,0,0,0,0,1200,475,50,850,0,1798,1594,87.2,,53.5
0.23,3,1.2,13,8,0,0,0,0,0,0,0,1200,475,0,850,24,1901,1340,,,
0.23,3,1.2,13,8,0,0,0,0,0,0,0,1200,475,1,850,24,1849,1487,,,
0.23,3,1.2,13,8,0,0,0,0,0,0,0,1200,475,5,850,24,1901,1588,,,
0.23,3,1.2,13,8,0,0,0,0,0,0,0,1200,475,10,850,24,1970,1680,,,
0.23,3,1.2,13,8,0,0,0,0,0,0,0,1200,475,20,850,24,1952,1713,,,
0.23,3,1.2,13,8,0,0,0,0,0,0,0,1200,475,50,850,24,1823,1645,,,
0.23,3,1.2,13,8,0,0,0,0,0,0,0,1200,450,0,850,0,,,64.7,,54
0.23,3,1.2,13,8,0,0,0,0,0,0,0,1200,450,1,850,0,,,43.1,,53.4
0.23,3,1.2,13,8,0,0,0,0,0,0,0,1200,450,5,850,0,,,37.7,,54.7
0.23,3,1.2,13,8,0,0,0,0,0,0,0,1200,450,20,850,0,,,44.1,,55.3
0.23,3,1.2,13,8,0,0,0,0,0,0,0,1200,450,50,850,0,,,45.6,,56.4
0.23,3,1.2,13,8,0,0,0,0,0,0,0,1200,450,100,850,0,,,60.8,,56.5
0.23,3,1.2,13,8,0,0,0,0,0,0,0,1200,450,200,850,0,,,73,,52.8
0.23,3,1.2,13,8,0,0,0,0,0,0,0,1200,500,0,850,0,,,64.7,,54
0.23,3,1.2,13,8,0,0,0,0,0,0,0,1200,500,5,850,0,,,75,,55.6
0.23,3,1.2,13,8,0,0,0,0,0,0,0,1200,525,0,850,0,,,64.7,,54
0.23,3,1.2,13,8,0,0,0,0,0,0,0,1200,525,5,850,0,,,98,,52.4
0.28,3,1.2,13,8,0,0,0,0,0,0,0,1050,475,0,700,0,2248,1300,43.1,,57
0.28,3,1.2,13,8,0,0,0,0,0,0,0,1050,475,1,700,0,2188,1559,32.3,,57.6
0.28,3,1.2,13,8,0,0,0,0,0,0,0,1050,475,5,700,0,2217,1706,22.5,,59
0.28,3,1.2,13,8,0,0,0,0,0,0,0,1050,475,10,700,0,2240,1751,35.8,,58.3
0.28,3,1.2,13,8,0,0,0,0,0,0,0,1050,475,20,700,0,2144,1696,43.1,,57.8
0.28,3,1.2,13,8,0,0,0,0,0,0,0,1050,475,50,700,0,2013,1639,43.1,,56.2
0.28,3,1.2,13,8,0,0,0,0,0,0,0,1050,475,0,700,0,2268,1338,37.2,,57.7
0.28,3,1.2,13,8,0,0,0,0,0,0,0,1050,475,1,700,0,2113,1580,22.5,,58
0.28,3,1.2,13,8,0,0,0,0,0,0,0,1050,475,5,700,0,2171,1707,20.1,,58.5
0.28,3,1.2,13,8,0,0,0,0,0,0,0,1050,475,10,700,0,2156,1736,24,,57.3
0.28,3,1.2,13,8,0,0,0,0,0,0,0,1050,475,20,700,0,2101,1714,26.5,,57.3
0.28,3,1.2,13,8,0,0,0,0,0,0,0,1050,475,50,700,0,1956,1646,45.1,,56.5
0.28,3,1.5,13,11,0,0,0,0,0,0,0,1050,475,0,700,0,2194,1076,29.4,,57.2
0.28,3,1.5,13,11,0,0,0,0,0,0,0,1050,475,1,700,0,2127,1462,20.6,,58.3
0.28,3,1.5,13,11,0,0,0,0,0,0,0,1050,475,5,700,0,2190,1687,15.7,,58.5
0.28,3,1.5,13,11,0,0,0,0,0,0,0,1050,475,10,700,0,2141,1666,27.9,,57.6
0.28,3,1.5,13,11,0,0,0,0,0,0,0,1050,475,20,700,0,2017,1558,29.4,,56.4
0.28,3,1.5,13,11,0,0,0,0,0,0,0,1050,475,50,700,0,1815,1414,31.4,,52.9
0.28,3,1.5,13,11,0,0,0,0,0,0,0,1050,475,0,750,0,2222,1128,33.3,,56.1
0.28,3,1.5,13,11,0,0,0,0,0,0,0,1050,475,1,750,0,2171,1539,22.1,,57.5
0.28,3,1.5,13,11,0,0,0,0,0,0,0,1050,475,5,750,0,2208,1673,21.6,,57.7
0.28,3,1.5,13,11,0,0,0,0,0,0,0,1050,475,10,750,0,2147,1643,32.3,,56.4
0.28,3,1.5,13,11,0,0,0,0,0,0,0,1050,475,20,750,0,2052,1566,24.5,,55.4
0.28,3,1.5,13,11,0,0,0,0,0,0,0,1050,475,50,750,0,1796,1423,29.4,,52.3
0.28,3,1.5,13,11,0,0,0,0,0,0,0,1050,475,0,750,0,2269,1113,26.5,,55.4
0.28,3,1.5,13,11,0,0,0,0,0,0,0,1050,475,1,750,0,2225,1631,,,57.3
0.28,3,1.5,13,11,0,0,0,0,0,0,0,1050,475,5,750,0,2226,1663,17.6,,56.9
0.28,3,1.5,13,11,0,0,0,0,0,0,0,1050,475,10,750,0,2175,1626,21.1,,56
0.28,3,1.5,13,11,0,0,0,0,0,0,0,1050,475,20,750,0,2060,1554,24.5,,53.4
0.28,3,1.5,13,11,0,0,0,0,0,0,0,1050,475,50,750,0,1856,1473,27.4,,49.4
0.28,4,1.5,13,11,0,0,0,0,0,0,0,1050,475,0,700,0,2122,974,37.2,,55.5
0.28,4,1.5,13,11,0,0,0,0,0,0,0,1050,475,1,700,0,2130,1402,26.5,,57.6
0.28,4,1.5,13,11,0,0,0,0,0,0,0,1050,475,5,700,0,2116,1564,29.4,,57.1
0.28,4,1.5,13,11,0,0,0,0,0,0,0,1050,475,10,700,0,2035,1498,37.2,,55.8
0.28,4,1.5,13,11,0,0,0,0,0,0,0,1050,475,20,700,0,1896,1437,35.8,,54.5
0.28,4,1.5,13,11,0,0,0,0,0,0,0,1050,475,50,700,0,1692,1311,50,,49.8
0.28,4,1.5,13,11,0,0,0,0,0,0,0,1050,475,0,750,0,2106,1029,34.3,,56.8
0.28,4,1.5,13,11,0,0,0,0,0,0,0,1050,475,1,750,0,2177,1512,26.5,,58.5
0.28,4,1.5,13,11,0,0,0,0,0,0,0,1050,475,5,750,0,2143,1603,21.6,,58.5
0.28,4,1.5,13,11,0,0,0,0,0,0,0,1050,475,10,750,0,2053,1558,24.5,,57.7
0.28,4,1.5,13,11,0,0,0,0,0,0,0,1050,475,20,750,0,2076,1583,24,,56.8
0.28,4,1.5,13,11,0,0,0,0,0,0,0,1050,475,50,750,0,1664,1347,42.6,,53.4
0.28,4,1.5,13,11,0,0,0,0,0,0,0,1050,475,0,700,0,2175,1037,35.3,,55.9
0.28,4,1.5,13,11,0,0,0,0,0,0,0,1050,475,1,700,0,2231,1580,24.5,,57.8
0.28,4,1.5,13,11,0,0,0,0,0,0,0,1050,475,5,700,0,2161,1604,33.3,,57.1
0.28,4,1.5,13,11,0,0,0,0,0,0,0,1050,475,10,700,0,2065,1548,41.2,,56.3
0.28,4,1.5,13,11,0,0,0,0,0,0,0,1050,475,20,700,0,1929,1465,40.2,,54
0.28,4,1.5,13,11,0,0,0,0,0,0,0,1050,475,50,700,0,1645,1335,49,,49.6
0.28,4,1.5,13,8,0,0,0,0,0,0,0,1050,475,0,1000,0,2306,1115,29.9,,58.4
0.28,4,1.5,13,8,0,0,0,0,0,0,0,1050,475,1,1000,0,2155,1267,26,,57.1
0.28,4,1.5,13,8,0,0,0,0,0,0,0,1050,475,5,1000,0,2210,1600,18.6,,58.5
0.28,4,1.5,13,8,0,0,0,0,0,0,0,1050,475,10,1000,0,2213,1642,13.2,,58.9
0.28,4,1.5,13,8,0,0,0,0,0,0,0,1050,475,20,1000,0,2138,1632,30.9,,58
0.28,4,1.5,13,8,0,0,0,0,0,0,0,1050,475,50,1000,0,1959,1495,35.3,,55.7
0.28,4,1.5,13,8,0,0,0,0,0,0,0,1050,475,0,950,0,2358,1050,28.4,,58.5
0.28,4,1.5,13,8,0,0,0,0,0,0,0,1050,475,1,950,0,2199,1436,32.3,,57.7
0.28,4,1.5,13,8,0,0,0,0,0,0,0,1050,475,5,950,0,2285,1694,19.6,,59.3
0.28,4,1.5,13,8,0,0,0,0,0,0,0,1050,475,10,950,0,2223,1711,27.4,,58.4
0.28,4,1.5,13,8,0,0,0,0,0,0,0,1050,475,20,950,0,2149,1648,36.3,,57.7
0.28,4,1.5,13,8,0,0,0,0,0,0,0,1050,475,50,950,0,1934,1503,35.8,,54.6
0.28,4,1.5,13,8,0,0,0,0,0,0,0,1050,475,0,800,0,2345,1144,33.8,,58.6
0.28,4,1.5,13,8,0,0,0,0,0,0,0,1050,475,1,800,0,2228,1493,23,,58.3
0.28,4,1.5,13,8,0,0,0,0,0,0,0,1050,475,5,800,0,2293,1730,15.7,,59.5
0.28,4,1.5,13,8,0,0,0,0,0,0,0,1050,475,10,800,0,2211,1701,18.6,,58.2
0.28,4,1.5,13,8,0,0,0,0,0,0,0,1050,475,20,800,0,2135,1634,26.5,,57
0.28,4,1.5,13,8,0,0,0,0,0,0,0,1050,475,50,800,0,1934,1496,39.2,,54.2
0.28,4,1.5,13,8,0,0,0,0,0,0,0,1050,475,0,700,0,2332,1117,34.3,,59
0.28,4,1.5,13,8,0,0,0,0,0,0,0,1050,475,1,700,0,2241,1497,20.6,,58.7
0.28,4,1.5,13,8,0,0,0,0,0,0,0,1050,475,5,700,0,2288,1698,16.7,,59.1
0.28,4,1.5,13,8,0,0,0,0,0,0,0,1050,475,10,700,0,2233,1750,15.7,,58.9
0.28,4,1.5,13,8,0,0,0,0,0,0,0,1050,475,20,700,0,2149,1636,27.4,,57.9
0.28,4,1.5,13,8,0,0,0,0,0,0,0,1050,475,50,700,0,1923,1501,32.8,,54.8
0.28,4,1.5,13,8,0,0,0,0,0,0,0,1050,475,0,600,0,2352,1150,30.4,,59.2
0.28,4,1.5,13,8,0,0,0,0,0,0,0,1050,475,1,600,0,2333,1579,17.2,,60.1
0.28,4,1.5,13,8,0,0,0,0,0,0,0,1050,475,5,600,0,2326,1716,20.1,,59.2
0.28,4,1.5,13,8,0,0,0,0,0,0,0,1050,475,10,600,0,2247,1683,21.1,,58.9
0.28,4,1.5,13,8,0,0,0,0,0,0,0,1050,475,20,600,0,2166,1633,25,,58.3
0.28,4,1.5,13,8,0,0,0,0,0,0,0,1050,475,50,600,0,1930,1527,34.3,,54.7
0.23,3.1,1.2,13.5,11.5,0,0,0,0,0,0,0,885,495,5,0,1,1931,1620,,,53
0.23,3.1,1.2,13.5,11.5,0,0,0,0,0,0,0,885,495,5,0,1,1931,1620,,,53
0.2,0,0,14,10,0,0,6,0,0,0,0,1200,475,0,800,0,2020,1500,,,
0.2,0,0,14,10,0,0,6,0,0,0,0,1200,475,1,800,0,2010,1800,,,
0.2,0,0,14,10,0,0,6,0,0,0,0,1200,475,5,800,0,2100,1900,,,
0.2,0,0,14,10,0,0,6,0,0,0,0,1200,475,10,800,0,2180,2000,,,
0.2,0,0,14,10,0,0,6,0,0,0,0,1200,475,20,800,0,2200,2020,,,
0.2,0,0,14,10,0,0,6,0,0,0,0,1200,475,50,800,0,2180,2050,,,
0.2,0,0,14,10,0,0,6,0,0,0,0,1200,475,100,800,0,2150,2050,,,
0.2,0,0,14,10,0,0,6,0,0,0,0,1200,475,0,900,0,1950,1300,,,
0.2,0,0,14,10,0,0,6,0,0,0,0,1200,475,1,900,0,1890,1650,,,
0.2,0,0,14,10,0,0,6,0,0,0,0,1200,475,5,900,0,2010,1800,,,
0.2,0,0,14,10,0,0,6,0,0,0,0,1200,475,10,900,0,2070,1850,,,
0.2,0,0,14,10,0,0,6,0,0,0,0,1200,475,20,900,0,2140,1950,,,
0.2,0,0,14,10,0,0,6,0,0,0,0,1200,475,50,900,0,2180,2000,,,
0.2,0,0,14,10,0,0,6,0,0,0,0,1200,475,100,900,0,2200,2050,,,
0.2,3,0,14,10,0,0,6,0,0,0,0,1200,475,0,900,0,2050,900,,,
0.2,3,0,14,10,0,0,6,0,0,0,0,1200,475,1,900,0,2090,1250,,,
0.2,3,0,14,10,0,0,6,0,0,0,0,1200,475,5,900,0,2090,1500,,,
0.2,3,0,14,10,0,0,6,0,0,0,0,1200,475,10,900,0,2090,1550,,,
0.2,3,0,14,10,0,0,6,0,0,0,0,1200,475,20,900,0,2120,1500,,,
0.2,3,0,14,10,0,0,6,0,0,0,0,1200,475,50,900,0,1970,1450,,,
0.2,3,0,14,10,0,0,6,0,0,0,0,1200,475,100,900,0,1900,1450,,,
0.15,2,0,14,10,0,0,0,0.1,0.1,0.1,0.1,845,495,5,843,1,1669,1517,84,,
0.15,2,0,14,10,0,0,0,0.1,0.1,0.1,0.1,845,495,5,843,1,1669,1517,76,,
0.15,2,0,14,10,0,0,0,0.1,0.1,0.1,0.1,845,495,5,843,1,1662,1517,83,,
0.15,2,0,14,10,0,0,0,0.1,0.1,0.1,0.1,845,495,5,843,1,1662,1524,71,,
0.15,2,0,14,10,0,0,0,0.1,0.1,0.1,0.1,845,495,5,843,1,1669,1531,75,,
0.15,2,0,14,10,0,0,0,0.1,0.1,0.1,0.1,845,495,5,843,1,1669,1517,68,,
0.15,2,0,14,10,0,0,0,0.1,0.1,0.1,0.1,845,495,5,843,1,1682,1544,81,,
0.15,2,0,14,10,0,0,0,0.1,0.1,0.1,0.1,845,495,5,843,1,1675,1524,71,,
0.21,10,2,14,5.5,0.3,1,0,0,0,0,0,1085,501,3,1121,1,1986,1551,24,,54
0.21,10,2,14,5.5,0.3,1,0,0,0,0,0,1085,501,3,1121,1,1986,1551,24,,54
0.24,3.05,0,14.1,10.25,0,0,3.04,0,0,0,0,1200,420,1,0,0,,,10,,51
0.24,3.05,0,14.1,10.25,0,0,3.04,0,0,0,0,1200,470,1,0,0,,,5,,52
0.24,3.05,0,14.1,10.25,0,0,3.04,0,0,0,0,1200,510,1,0,0,,,8,,54
0.24,3.05,0,14.1,10.25,0,0,3.04,0,0,0,0,1200,550,1,0,0,,,40,,48
0.24,3.05,0,14.1,10.25,0,0,3.04,0,0,0,0,1000,420,1,0,0,,,22,,50
0.24,3.05,0,14.1,10.25,0,0,3.04,0,0,0,0,1000,470,1,0,0,,,10,,52
0.24,3.05,0,14.1,10.25,0,0,3.04,0,0,0,0,1000,510,1,0,0,,,20,,52
0.24,3.05,0,14.1,10.25,0,0,3.04,0,0,0,0,1000,550,1,0,0,,,35,,48
0.24,3.05,0,14.1,10.25,0,0,3.04,0,0,0,0,855,420,2,0,0,,,10,,52
0.24,3.05,0,14.1,10.25,0,0,3.04,0,0,0,0,855,470,2,0,0,,,15,,53
0.24,3.05,0,14.1,10.25,0,0,3.04,0,0,0,0,855,510,2,0,0,,,16,,51
0.24,3.05,0,14.1,10.25,0,0,3.04,0,0,0,0,855,550,2,0,0,,,25,,46
0.21,2.9,0,14.15,10.2,0,0,3,0,0,0,0,1200,420,1,0,0,,,13,,50
0.21,2.9,0,14.15,10.2,0,0,3,0,0,0,0,1200,470,1,0,0,,,5,,53
0.21,2.9,0,14.15,10.2,0,0,3,0,0,0,0,1200,510,1,0,0,,,25,,53
0.21,2.9,0,14.15,10.2,0,0,3,0,0,0,0,1200,550,1,0,0,,,35,,46
0.21,2.9,0,14.15,10.2,0,0,3,0,0,0,0,1000,420,1,0,0,,,16,,49
0.21,2.9,0,14.15,10.2,0,0,3,0,0,0,0,1000,470,1,0,0,,,5,,52
0.21,2.9,0,14.15,10.2,0,0,3,0,0,0,0,1000,510,1,0,0,,,25,,53
0.21,2.9,0,14.15,10.2,0,0,3,0,0,0,0,1000,550,1,0,0,,,40,,46
0.21,2.9,0,14.15,10.2,0,0,3,0,0,0,0,855,420,2,0,0,,,15,,52
0.21,2.9,0,14.15,10.2,0,0,3,0,0,0,0,855,470,2,0,0,,,16,,52
0.21,2.9,0,14.15,10.2,0,0,3,0,0,0,0,855,510,2,0,0,,,25,,49
0.21,2.9,0,14.15,10.2,0,0,3,0,0,0,0,855,550,2,0,0,,,29,,44
0.24,3.07,0,14.18,9.83,0,0,3.13,0,0,0,0,1200,420,1,0,0,,,18,,51
0.24,3.07,0,14.18,9.83,0,0,3.13,0,0,0,0,1200,470,1,0,0,,,5,,53
0.24,3.07,0,14.18,9.83,0,0,3.13,0,0,0,0,1200,510,1,0,0,,,15,,54
0.24,3.07,0,14.18,9.83,0,0,3.13,0,0,0,0,1200,550,1,0,0,,,28,,50
0.24,3.07,0,14.18,9.83,0,0,3.13,0,0,0,0,1000,420,1,0,0,,,21,,51
0.24,3.07,0,14.18,9.83,0,0,3.13,0,0,0,0,1000,470,1,0,0,,,15,,53
0.24,3.07,0,14.18,9.83,0,0,3.13,0,0,0,0,1000,510,1,0,0,,,25,,54
0.24,3.07,0,14.18,9.83,0,0,3.13,0,0,0,0,1000,550,1,0,0,,,30,,50
0.24,3.07,0,14.18,9.83,0,0,3.13,0,0,0,0,855,420,2,0,0,,,7,,53
0.24,3.07,0,14.18,9.83,0,0,3.13,0,0,0,0,855,470,2,0,0,,,10,,54
0.24,3.07,0,14.18,9.83,0,0,3.13,0,0,0,0,855,510,2,0,0,,,16,,52
0.24,3.07,0,14.18,9.83,0,0,3.13,0,0,0,0,855,550,2,0,0,,,26,,47
0.3,3.5,1.2,15,8,0,0,0,0,0,0,0,1050,475,0,700,0,2399,1190,26,,58.3
0.3,3.5,1.2,15,8,0,0,0,0,0,0,0,1050,475,1,700,0,2325,1570,10.8,,60.3
0.3,3.5,1.2,15,8,0,0,0,0,0,0,0,1050,475,5,700,0,2046,1799,1.5,,60.9
0.3,3.5,1.2,15,8,0,0,0,0,0,0,0,1050,475,10,700,0,2366,1787,8.3,,61
0.3,3.5,1.2,15,8,0,0,0,0,0,0,0,1050,475,20,700,0,2308,1766,3.9,,60.3
0.3,3.5,1.2,15,8,0,0,0,0,0,0,0,1050,475,50,700,0,2104,1604,20.1,,58
0.3,3.5,1.2,15,8,0,0,0,0,0,0,0,1200,475,0,700,0,2413,1148,22,,59
0.3,3.5,1.2,15,8,0,0,0,0,0,0,0,1200,475,1,700,0,2333,1562,11.8,,59.8
0.3,3.5,1.2,15,8,0,0,0,0,0,0,0,1200,475,5,700,0,2238,1800,7.4,,60.6
0.3,3.5,1.2,15,8,0,0,0,0,0,0,0,1200,475,10,700,0,2353,1783,4.4,,60.9
0.3,3.5,1.2,15,8,0,0,0,0,0,0,0,1200,475,20,700,0,2292,1727,7.4,,60
0.3,3.5,1.2,15,8,0,0,0,0,0,0,0,1200,475,50,700,0,2080,1587,12.7,,57.4
0.3,3.5,1.2,15,11,0,0,0,0,0,0,0,1050,475,0,700,0,2229,976,38.2,,56.9
0.3,3.5,1.2,15,11,0,0,0,0,0,0,0,1050,475,1,700,0,2255,1578,15.7,,59
0.3,3.5,1.2,15,11,0,0,0,0,0,0,0,1050,475,5,700,0,2243,1682,19.1,,59
0.3,3.5,1.2,15,11,0,0,0,0,0,0,0,1050,475,10,700,0,2155,1624,19.6,,57.9
0.3,3.5,1.2,15,11,0,0,0,0,0,0,0,1050,475,20,700,0,2037,1583,27.4,,56.4
0.3,3.5,1.2,15,11,0,0,0,0,0,0,0,1050,475,50,700,0,1760,1397,29.9,,51.6
0.3,3.5,1.2,15,11,0,0,0,0,0,0,0,1050,475,0,900,0,2212,976,33.3,,56.6
0.3,3.5,1.2,15,11,0,0,0,0,0,0,0,1050,475,1,900,0,2191,1538,12.7,,58.1
0.3,3.5,1.2,15,11,0,0,0,0,0,0,0,1050,475,5,900,0,2234,1739,15.7,,59
0.3,3.5,1.2,15,11,0,0,0,0,0,0,0,1050,475,10,900,0,2136,1673,11.8,,57.9
0.3,3.5,1.2,15,11,0,0,0,0,0,0,0,1050,475,20,900,0,1911,1566,15.7,,56.5
0.3,3.5,1.2,15,11,0,0,0,0,0,0,0,1050,475,50,900,0,1715,1382,24.5,,51.8
0.3,3.5,1.4,15,8,0,0,0,0,0,0,0,1050,475,0,700,0,2336,1185,31.4,,58.1
0.3,3.5,1.4,15,8,0,0,0,0,0,0,0,1050,475,1,700,0,2299,1544,14.2,,59.5
0.3,3.5,1.4,15,8,0,0,0,0,0,0,0,1050,475,5,700,0,2358,1756,8.8,,60.1
0.3,3.5,1.4,15,8,0,0,0,0,0,0,0,1050,475,10,700,0,2336,1790,9.8,,60.5
0.3,3.5,1.4,15,8,0,0,0,0,0,0,0,1050,475,20,700,0,2248,1719,15.7,,59.6
0.3,3.5,1.4,15,8,0,0,0,0,0,0,0,1050,475,50,700,0,2036,1595,20.1,,57.3
0.3,3.5,1.4,15,8,0,0,0,0,0,0,0,1200,475,0,700,0,2283,1178,30.4,,58.2
0.3,3.5,1.4,15,8,0,0,0,0,0,0,0,1200,475,1,700,0,2300,1523,13.7,,59.2
0.3,3.5,1.4,15,8,0,0,0,0,0,0,0,1200,475,5,700,0,2341,1749,10.8,,60.3
0.3,3.5,1.4,15,8,0,0,0,0,0,0,0,1200,475,10,700,0,2340,1776,11.8,,60.3
0.3,3.5,1.4,15,8,0,0,0,0,0,0,0,1200,475,20,700,0,2265,1724,16.2,,59.4
0.3,3.5,1.4,15,8,0,0,0,0,0,0,0,1200,475,50,700,0,2032,1567,15.7,,57.3
0.3,3.5,1.2,15,8,0,0.2,0,0,0,0,0,1200,475,0,700,0,2243,1215,23.5,,57.6
0.3,3.5,1.2,15,8,0,0.2,0,0,0,0,0,1200,475,1,700,0,2346,1544,11.8,,59.2
0.3,3.5,1.2,15,8,0,0.2,0,0,0,0,0,1200,475,5,700,0,2360,1730,12.7,,60.1
0.3,3.5,1.2,15,8,0,0.2,0,0,0,0,0,1200,475,10,700,0,2330,1746,17.8,,60.2
0.3,3.5,1.2,15,8,0,0.2,0,0,0,0,0,1200,475,20,700,0,2214,1752,21.1,,58.9
0.3,3.5,1.2,15,8,0,0.2,0,0,0,0,0,1200,475,50,700,0,2038,1554,22.1,,56.6
0.3,3.5,1.2,15,8,0,0.2,0,0,0,0,0,1200,475,0,900,0,2260,1208,28.4,,57
0.3,3.5,1.2,15,8,0,0.2,0,0,0,0,0,1200,475,1,900,0,2258,1535,16.2,,58.8
0.3,3.5,1.2,15,8,0,0.2,0,0,0,0,0,1200,475,5,900,0,2311,1758,12.7,,59.6
0.3,3.5,1.2,15,8,0,0.2,0,0,0,0,0,1200,475,10,900,0,2293,1785,10.8,,59.7
0.3,3.5,1.2,15,8,0,0.2,0,0,0,0,0,1200,475,20,900,0,2200,1737,25,,59
0.3,3.5,1.2,15,8,0,0.2,0,0,0,0,0,1200,475,50,900,0,1981,1543,24.5,,56
0.25,2.4,1.4,15,11,0,0,0,0,0,0,0,968,677,16,899,1,2170,1900,27,,
0.33,2.25,1.85,15.6,12,0,0,0,0,0,0,0,968,482,2.5,900,1,2380,2070,15,,
0.3,3.5,1.2,18,8,0,0,0,0,0,0,0,1050,475,0,700,0,2306,1225,30.4,,58.6
0.3,3.5,1.2,18,8,0,0,0,0,0,0,0,1050,475,1,700,0,2383,1726,8.8,,60.5
0.3,3.5,1.2,18,8,0,0,0,0,0,0,0,1050,475,5,700,0,2056,1859,3.4,,61.2
0.3,3.5,1.2,18,8,0,0,0,0,0,0,0,1050,475,10,700,0,2334,1700,3.7,,61.2
0.3,3.5,1.2,18,8,0,0,0,0,0,0,0,1050,475,20,700,0,2300,1805,12.3,,60.4
0.3,3.5,1.2,18,8,0,0,0,0,0,0,0,1050,475,50,700,0,2054,1653,24,,56.3
0.3,3.5,1.2,18,8,0,0,0,0,0,0,0,1200,475,0,700,0,2347,1272,30.9,,58.6
0.3,3.5,1.2,18,8,0,0,0,0,0,0,0,1200,475,1,700,0,2371,1703,3.9,,60.2
0.3,3.5,1.2,18,8,0,0,0,0,0,0,0,1200,475,5,700,0,2158,1864,2.9,,61.2
0.3,3.5,1.2,18,8,0,0,0,0,0,0,0,1200,475,10,700,0,2222,1850,9.3,,60.8
0.3,3.5,1.2,18,8,0,0,0,0,0,0,0,1200,475,20,700,0,2240,1771,2,,60.1
0.3,3.5,1.2,18,8,0,0,0,0,0,0,0,1200,475,50,700,0,2025,1679,24,,56.4
0.3,4,1.2,18,8,0,0,0,0,0,0,0,1050,475,0,700,0,2287,1138,29.4,,58.1
0.3,4,1.2,18,8,0,0,0,0,0,0,0,1050,475,1,700,0,2403,1725,6.9,,60.8
0.3,4,1.2,18,8,0,0,0,0,0,0,0,1050,475,5,700,0,2429,1828,2,,61.2
0.3,4,1.2,18,8,0,0,0,0,0,0,0,1050,475,10,700,0,2369,1795,3.4,,60.8
0.3,4,1.2,18,8,0,0,0,0,0,0,0,1050,475,20,700,0,2265,1711,12.3,,59.6
0.3,4,1.2,18,8,0,0,0,0,0,0,0,1050,475,50,700,0,1947,1524,23.5,,55.5
0.3,4,1.2,18,8,0,0,0,0,0,0,0,1200,475,0,700,0,2343,1173,29.4,,57.9
0.3,4,1.2,18,8,0,0,0,0,0,0,0,1200,475,1,700,0,2377,1698,3.9,,60.6
0.3,4,1.2,18,8,0,0,0,0,0,0,0,1200,475,5,700,0,1846,1839,1.5,,60.8
0.3,4,1.2,18,8,0,0,0,0,0,0,0,1200,475,10,700,0,2356,1829,2,,60.9
0.3,4,1.2,18,8,0,0,0,0,0,0,0,1200,475,20,700,0,2259,1760,11.8,,59.9
0.3,4,1.2,18,8,0,0,0,0,0,0,0,1200,475,50,700,0,1906,1513,21.1,,55.3
0.25,3,1.4,18,11,0,0,0,0,0,0,0,1050,475,0,700,0,2100,1098,48,,55.1
0.25,3,1.4,18,11,0,0,0,0,0,0,0,1050,475,1,700,0,2287,1678,12.3,,59.4
0.25,3,1.4,18,11,0,0,0,0,0,0,0,1050,475,5,700,0,2205,1668,22.1,,59
0.25,3,1.4,18,11,0,0,0,0,0,0,0,1050,475,10,700,0,2130,1619,19.6,,57.8
0.25,3,1.4,18,11,0,0,0,0,0,0,0,1050,475,20,700,0,1934,1538,34.3,,55.7
0.25,3,1.4,18,11,0,0,0,0,0,0,0,1050,475,50,700,0,1718,1431,30.4,,51.8
0.25,3,1.4,18,11,0,0,0,0,0,0,0,1050,475,0,900,0,2055,1085,43.6,,55.8
0.25,3,1.4,18,11,0,0,0,0,0,0,0,1050,475,1,900,0,2266,1670,12.7,,59
0.25,3,1.4,18,11,0,0,0,0,0,0,0,1050,475,5,900,0,2189,1695,18.1,,59.4
0.25,3,1.4,18,11,0,0,0,0,0,0,0,1050,475,10,900,0,2097,1583,26,,58.2
0.25,3,1.4,18,11,0,0,0,0,0,0,0,1050,475,20,900,0,1935,1553,32.8,,56
0.25,3,1.4,18,11,0,0,0,0,0,0,0,1050,475,50,900,0,1718,1417,29.4,,51.5
0.35,4,1.4,18,8,0,0,0,0,0,0,0,1200,475,0,700,0,2412,1086,23.5,,59.8
0.35,4,1.4,18,8,0,0,0,0,0,0,0,1200,475,1,700,0,,,2,,61.5
0.35,4,1.4,18,8,0,0,0,0,0,0,0,1200,475,5,700,0,,,4.9,,62.1
0.35,4,1.4,18,8,0,0,0,0,0,0,0,1200,475,10,700,0,,,9.8,,62
0.35,4,1.4,18,8,0,0,0,0,0,0,0,1200,475,20,700,0,,,2.5,,61.2
0.35,4,1.4,18,8,0,0,0,0,0,0,0,1200,475,50,700,0,1920,1658,5.9,,57.9
0.35,4,1.4,18,8,0,0,0,0,0,0,0,1200,475,0,0,0,2230,1035,14.7,,59.4
0.35,4,1.4,18,8,0,0,0,0,0,0,0,1200,475,1,0,0,,,1,,59.5
0.35,4,1.4,18,8,0,0,0,0,0,0,0,1200,475,5,0,0,,,1,,60.9
0.35,4,1.4,18,8,0,0,0,0,0,0,0,1200,475,10,0,0,,,1.2,,61.2
0.35,4,1.4,18,8,0,0,0,0,0,0,0,1200,475,20,0,0,,,0.5,,60.7
0.35,4,1.4,18,8,0,0,0,0,0,0,0,1200,475,50,0,0,,,1.5,,58
0.35,3.5,0,18,8,0,0,2.3,0,0,0,0,1050,475,0,700,0,2330,1245,29.9,,57.6
0.35,3.5,0,18,8,0,0,2.3,0,0,0,0,1050,475,1,700,0,2238,1533,26.5,,58.4
0.35,3.5,0,18,8,0,0,2.3,0,0,0,0,1050,475,5,700,0,2277,1725,15.2,,59.4
0.35,3.5,0,18,8,0,0,2.3,0,0,0,0,1050,475,10,700,0,2261,1719,13.2,,60.1
0.35,3.5,0,18,8,0,0,2.3,0,0,0,0,1050,475,20,700,0,2163,1708,23,,58.6
0.35,3.5,0,18,8,0,0,2.3,0,0,0,0,1050,475,50,700,0,1988,1617,26.5,,56.4
0.35,3.5,0,18,8,0,0,2.3,0,0,0,0,1200,475,0,700,0,2312,1195,30.4,,58.3
0.35,3.5,0,18,8,0,0,2.3,0,0,0,0,1200,475,1,700,0,2204,1461,24,,58.5
0.35,3.5,0,18,8,0,0,2.3,0,0,0,0,1200,475,5,700,0,2270,1716,9.8,,59.3
0.35,3.5,0,18,8,0,0,2.3,0,0,0,0,1200,475,10,700,0,2264,1738,13.2,,59.8
0.35,3.5,0,18,8,0,0,2.3,0,0,0,0,1200,475,20,700,0,2187,1708,4.9,,59.2
0.35,3.5,0,18,8,0,0,2.3,0,0,0,0,1200,475,50,700,0,1999,1568,21.6,,55.7
0.192,9.9,2,14.3,5.46,0.3,0,1.04,0,0,0,0,1100,500,3,750,0,1804,1230,42,,49.5
0.192,9.9,2,14.3,5.46,0.3,0,1.04,0,0,0,0,1100,500,5,750,0,1724,1237,38.22,,48.5
0.192,9.9,2,14.3,5.46,0.3,0,1.04,0,0,0,0,1100,500,5,750,0,1856,1365,22.54,,51.2
0.192,9.9,2,14.3,5.46,0.3,0,1.04,0,0,0,0,1100,500,5,750,0,1763,1261,27.44,,50.1
0.192,9.9,2,14.3,5.46,0.3,0,1.04,0,0,0,0,1100,500,3,750,3,1901,1257,23,,51.3
0.192,9.9,2,14.3,5.46,0.3,0,1.04,0,0,0,0,1100,500,5,750,3,1833,1295,24,,52.7
0.192,9.9,2,14.3,5.46,0.3,0,1.04,0,0,0,0,1100,500,5,750,3,1915,1319,31,,51.7
0.192,9.9,2,14.3,5.46,0.3,0,1.04,0,0,0,0,1100,500,5,750,3,1831,1266,26,,51.5
0.192,9.9,2,14.3,5.46,0.3,0,1.04,0,0,0,0,1100,500,3,0,0,1578,998,104.9,,38.9
0.192,9.9,2,14.3,5.46,0.3,0,1.04,0,0,0,0,1100,500,5,0,0,1495,898,69.6,,40.4
0.192,9.9,2,14.3,5.46,0.3,0,1.04,0,0,0,0,1100,500,5,0,0,1657,956,76.4,,41.3
0.192,9.9,2,14.3,5.46,0.3,0,1.04,0,0,0,0,1100,500,5,0,0,1659,952,76.4,,41.3
0.192,9.9,2,14.3,5.46,0.3,0,1.04,0,0,0,0,1100,500,3,0,3,1843,1191,41.2,,49.9
0.192,9.9,2,14.3,5.46,0.3,0,1.04,0,0,0,0,1100,500,5,0,3,1821,1194,32.3,,50.3
0.192,9.9,2,14.3,5.46,0.3,0,1.04,0,0,0,0,1100,500,5,0,3,1846,1201,34.3,,51.2
0.192,9.9,2,14.3,5.46,0.3,0,1.04,0,0,0,0,1100,500,5,0,3,1899,1247,40.2,,50
0.196,10,2.53,14.1,5.4,0.3,0,0,0,0,0,0,1050,500,3,0,0,1855,1209,28.4,,51.3
0.196,10,2.53,14.1,5.4,0.3,0,0,0,0,0,0,1050,500,5,0,0,1846,1196,29.4,,51.7
0.196,10,2.53,14.1,5.4,0.3,0,0,0,0,0,0,1050,500,5,0,0,1828,1195,30.4,,50.9
0.196,10,2.53,14.1,5.4,0.3,0,0,0,0,0,0,1050,500,5,0,0,1820,1204,31.4,,50.8
0.196,10,2.53,14.1,5.4,0.3,0,0,0,0,0,0,1050,500,3,0,3,1866,1191,27.4,,49.7
0.196,10,2.53,14.1,5.4,0.3,0,0,0,0,0,0,1050,500,5,0,3,1814,1211,32.3,,50.7
0.196,10,2.53,14.1,5.4,0.3,0,0,0,0,0,0,1050,500,5,0,3,1854,1238,28.4,,51.4
0.196,10,2.53,14.1,5.4,0.3,0,0,0,0,0,0,1050,500,5,0,3,1851,1197,26.5,,50.8
0.218,9.65,0,13.98,5.45,0.3,0,5.03,0,0,0,0,1100,500,3,750,0,1596,1004,49,,45.6
0.218,9.65,0,13.98,5.45,0.3,0,5.03,0,0,0,0,1100,500,5,750,0,1565,1090,41.16,,45.1
0.218,9.65,0,13.98,5.45,0.3,0,5.03,0,0,0,0,1100,500,5,750,0,1603,1085,46.06,,46.9
0.218,9.65,0,13.98,5.45,0.3,0,5.03,0,0,0,0,1100,500,5,750,0,1616,1072,41.16,,45.6
0.218,9.65,0,13.98,5.45,0.3,0,5.03,0,0,0,0,1100,500,3,750,3,1756,1133,35,,49.8
0.218,9.65,0,13.98,5.45,0.3,0,5.03,0,0,0,0,1100,500,5,750,3,1776,1176,33,,50.1
0.218,9.65,0,13.98,5.45,0.3,0,5.03,0,0,0,0,1100,500,5,750,3,1744,1156,35,,50.1
0.218,9.65,0,13.98,5.45,0.3,0,5.03,0,0,0,0,1100,500,5,750,3,1757,1166,33,,49.6
0.218,9.65,0,13.98,5.45,0.3,0,5.03,0,0,0,0,1100,500,3,0,0,1255,312,,,23.7
0.218,9.65,0,13.98,5.45,0.3,0,5.03,0,0,0,0,1100,500,5,0,0,1243,314,,,22.8
0.218,9.65,0,13.98,5.45,0.3,0,5.03,0,0,0,0,1100,500,5,0,0,1256,315,,,26.8
0.218,9.65,0,13.98,5.45,0.3,0,5.03,0,0,0,0,1100,500,5,0,0,1245,312,,,24.8
0.218,9.65,0,13.98,5.45,0.3,0,5.03,0,0,0,0,1100,500,3,0,3,1620,682,61.7,,44.5
0.218,9.65,0,13.98,5.45,0.3,0,5.03,0,0,0,0,1100,500,5,0,3,1728,635,58.8,,44.6
0.218,9.65,0,13.98,5.45,0.3,0,5.03,0,0,0,0,1100,500,5,0,3,1708,817,56.8,,44.5
0.218,9.65,0,13.98,5.45,0.3,0,5.03,0,0,0,0,1100,500,5,0,3,1634,809,56.8,,43.8
0.192,9.9,2,14.3,5.46,0.3,0,1.04,0,0,0,0,1100,500,3,0,0,1961,1298,40.36,,50.9
0.192,9.9,2,14.3,5.46,0.3,0,1.04,0,0,0,0,1100,500,5,0,0,2060,1411,39.28,,51.2
0.192,9.9,2,14.3,5.46,0.3,0,1.04,0,0,0,0,1100,500,5,0,0,2045,1405,42.08,,51.6
0.196,10,2.53,14.1,5.4,0.3,0,0,0,0,0,0,1050,500,3,0,0,1937,1276,42.14,,51.8
0.196,10,2.53,14.1,5.4,0.3,0,0,0,0,0,0,1050,500,5,0,0,1997,1333,37.24,,52.2
0.196,10,2.53,14.1,5.4,0.3,0,0,0,0,0,0,1050,500,5,0,0,2042,1369,43.12,,52.4
0.218,9.65,0,13.98,5.45,0.3,0,5.03,0,0,0,0,1100,500,3,0,0,1816,1027,44.52,,49.6
0.218,9.65,0,13.98,5.45,0.3,0,5.03,0,0,0,0,1100,500,5,0,0,1879,1065,43.88,,49.9
0.218,9.65,0,13.98,5.45,0.3,0,5.03,0,0,0,0,1100,500,5,0,0,1891,1063,46.28,,50.2
0.21,10,2,14,5.5,0.3,0,1,0,0,0,0,1100,500,3,750,0,2014,,,,
0.21,10,2,14,5.5,0.3,0,1,0,0,0,0,1100,500,4,750,0,2026,,,,
0.21,10,2,14,5.5,0.3,0,1,0,0,0,0,1100,500,5,750,0,2076,,,,
0.21,10,2,14,5.5,0.3,0,1,0,0,0,0,1100,500,3,1100,0,1998,,,,
0.21,10,2,14,5.5,0.3,0,1,0,0,0,0,1100,500,4,1100,0,2012,,,,
0.21,10,2,14,5.5,0.3,0,1,0,0,0,0,1100,500,5,1100,0,2026,,,,
0.21,10,2,14,5.5,0.3,0,1,0,0,0,0,1100,500,3,0,0,1994,,,,
0.21,10,2,14,5.5,0.3,0,1,0,0,0,0,1100,500,4,0,0,2036,,,,
0.21,10,2,14,5.5,0.3,0,1,0,0,0,0,1100,500,5,0,0,2024,,,,
0.21,10,2,14,5.5,0.3,0,1,0,0,0,0,1100,500,3,750,0,1807,,,,
0.21,10,2,14,5.5,0.3,0,1,0,0,0,0,1100,500,4,750,0,1997,,,,
0.21,10,2,14,5.5,0.3,0,1,0,0,0,0,1100,500,5,750,0,2010,,,,
0.21,10,2,14,5.5,0.3,0,1,0,0,0,0,1100,500,3,1100,0,1992,,,,
0.21,10,2,14,5.5,0.3,0,1,0,0,0,0,1100,500,4,1100,0,1980,,,,
0.21,10,2,14,5.5,0.3,0,1,0,0,0,0,1100,500,5,1100,0,2008,,,,
0.21,10,2,14,5.5,0.3,0,1,0,0,0,0,1100,500,3,0,0,2018,,,,
0.21,10,2,14,5.5,0.3,0,1,0,0,0,0,1100,500,4,0,0,2054,,,,
0.21,10,2,14,5.5,0.3,0,1,0,0,0,0,1100,500,5,0,0,2050,,,,
0.21,10,2,14,5.5,0.3,0,1,0,0,0,0,1100,500,3,750,0,2012,,,,
0.21,10,2,14,5.5,0.3,0,1,0,0,0,0,1100,500,4,750,0,2050,,,,
0.21,10,2,14,5.5,0.3,0,1,0,0,0,0,1100,500,5,750,0,2026,,,,
0.21,10,2,14,5.5,0.3,0,1,0,0,0,0,1100,500,3,1100,0,2012,,,,
0.21,10,2,14,5.5,0.3,0,1,0,0,0,0,1100,500,4,1100,0,2024,,,,
0.21,10,2,14,5.5,0.3,0,1,0,0,0,0,1100,500,5,1100,0,2054,,,,
0.21,10,2,14,5.5,0.3,0,1,0,0,0,0,1100,500,3,0,0,1988,,,,
0.21,10,2,14,5.5,0.3,0,1,0,0,0,0,1100,500,4,0,0,2055,,,,
0.21,10,2,14,5.5,0.3,0,1,0,0,0,0,1100,500,5,0,0,2051,,,,
0.21,10,2,14,5.5,0.3,0.02,1,0,0,0,0,1100,500,3,750,0,2020,,,,
0.21,10,2,14,5.5,0.3,0.02,1,0,0,0,0,1100,500,4,750,0,2033,,,,
0.21,10,2,14,5.5,0.3,0.02,1,0,0,0,0,1100,500,5,750,0,2054,,,,
0.21,10,2,14,5.5,0.3,0.02,1,0,0,0,0,1100,500,3,1100,0,1938,,,,
0.21,10,2,14,5.5,0.3,0.02,1,0,0,0,0,1100,500,4,1100,0,2022,,,,
0.21,10,2,14,5.5,0.3,0.02,1,0,0,0,0,1100,500,5,1100,0,2051,,,,
0.21,10,2,14,5.5,0.3,0.02,1,0,0,0,0,1100,500,3,0,0,2034,,,,
0.21,10,2,14,5.5,0.3,0.02,1,0,0,0,0,1100,500,4,0,0,2030,,,,
0.21,10,2,14,5.5,0.3,0.02,1,0,0,0,0,1100,500,5,0,0,2051,,,,
0.25,10,1,7,5.5,1,0,0.5,0,0,0,0,1100,500,3,750,3,1946,1473,13.7,,50.7
0.25,10,1,7,5.5,1,0,0.5,0,0,0,0,1100,500,4,750,3,2030,1514,17.6,,50.7
0.25,10,1,7,5.5,1,0,0.5,0,0,0,0,1100,500,5,750,3,2106,1486,20.6,,49.9
0.25,10,1,7,5.5,1,0,0.5,0,0,0,0,1100,500,3,1100,3,2021,1435,38.22,,52.3
0.25,10,1,7,5.5,1,0,0.5,0,0,0,0,1100,500,4,1100,3,2019,1431,32.34,,52.2
0.25,10,1,7,5.5,1,0,0.5,0,0,0,0,1100,500,5,1100,3,1959,1464,28.4,,51.6
0.25,10,1,7,5.5,1,0,0.5,0,0,0,0,1100,500,3,0,3,2020,1394,,,
0.25,10,1,7,5.5,1,0,0.5,0,0,0,0,1100,500,4,0,3,2029,1416,,,
0.25,10,1,7,5.5,1,0,0.5,0,0,0,0,1100,500,5,0,3,2067,1444,,,
0.25,10,2,7,5.5,1,0,1,0,0,0,0,1100,500,3,750,3,2005,1484,,,
0.25,10,2,7,5.5,1,0,1,0,0,0,0,1100,500,4,750,3,2052,1498,,,
0.25,10,2,7,5.5,1,0,1,0,0,0,0,1100,500,5,750,3,2121,1512,,,
0.25,10,2,7,5.5,1,0,1,0,0,0,0,1100,500,3,1100,3,2049,1454,,,
0.25,10,2,7,5.5,1,0,1,0,0,0,0,1100,500,4,1100,3,2042,1445,,,
0.25,10,2,7,5.5,1,0,1,0,0,0,0,1100,500,5,1100,3,2008,1458,,,
0.25,10,2,7,5.5,1,0,1,0,0,0,0,1100,500,3,0,3,2012,1226,,,
0.25,10,2,7,5.5,1,0,1,0,0,0,0,1100,500,4,0,3,2052,1332,,,
0.25,10,2,7,5.5,1,0,1,0,0,0,0,1100,500,5,0,3,2063,1364,,,
0.25,10,2,7,5.5,1.5,0,1,0,0,0,0,1100,500,3,0,3,1875,1187,35.28,,52
0.25,10,2,7,5.5,1.5,0,1,0,0,0,0,1100,500,4,0,3,1872,1208,33.32,,51.8
0.25,10,2,7,5.5,1.5,0,1,0,0,0,0,1100,500,5,0,3,1884,1305,41.16,,51.6
0.25,10,2,10,5.5,1,0,1,0,0,0,0,1100,500,3,0,3,2090,1348,37.24,,54.4
0.25,10,2,10,5.5,1,0,1,0,0,0,0,1100,500,4,0,3,2143,1395,41.16,,54.2
0.25,10,2,10,5.5,1,0,1,0,0,0,0,1100,500,5,0,3,2129,1398,39.2,,55
0.25,10,2,4,5.5,1,0,1,0,0,0,0,1100,500,3,0,3,2000,1201,35.28,,53.5
0.25,10,2,4,5.5,1,0,1,0,0,0,0,1100,500,4,0,3,1996,1256,41.16,,53.5
0.25,10,2,4,5.5,1,0,1,0,0,0,0,1100,500,5,0,3,2019,1311,42.14,,53.1
,,,,,,,,,,,,,,,,,,,,,
0.33,2.02,1.82,9.7,11.76,1.07,0,0.483,0,0,0,0,950,475,0,0,1,,,30.3,,48.1
0.33,2.02,1.82,9.7,11.76,1.07,0,0.483,0,0,0,0,950,475,0.5,0,1,1807,1551,15.9,11,51.6
0.33,2.02,1.82,9.7,11.76,1.07,0,0.483,0,0,0,0,950,475,1,0,1,1761,1530,14.6,8.8,52.2
0.33,2.02,1.82,9.7,11.76,1.07,0,0.483,0,0,0,0,950,475,5,0,1,,,17.2,,50.7
0.33,2.02,1.82,9.7,11.76,1.07,0,0.483,0,0,0,0,950,475,10,0,1,,,20.3,,50.5
0.346,2.27,1.94,7.19,12.11,1.58,0,0.499,0,0,0,0,950,475,0,0,1,1475,1091,20.5,11.3,44.5
0.346,2.27,1.94,7.19,12.11,1.58,0,0.499,0,0,0,0,950,475,0.5,0,1,1561,1367,17,12.1,47.8
0.346,2.27,1.94,7.19,12.11,1.58,0,0.499,0,0,0,0,950,475,1,0,1,1409,1287,16.6,4,49.5
0.346,2.27,1.94,7.19,12.11,1.58,0,0.499,0,0,0,0,950,475,5,0,1,,,18,,45.6
0.346,2.27,1.94,7.19,12.11,1.58,0,0.499,0,0,0,0,950,475,10,0,1,,,18.3,,46.1
0.367,2.23,1.87,6.98,11.89,1.27,0,0.519,0,0,0,0,950,475,0,0,1,1663,1171,19.5,10.9,49.2
0.367,2.23,1.87,6.98,11.89,1.27,0,0.519,0,0,0,0,950,475,0.5,0,1,1757,1510,16.4,11.3,50.5
0.367,2.23,1.87,6.98,11.89,1.27,0,0.519,0,0,0,0,950,475,1,0,1,1769,1497,15.6,10,21.1
0.367,2.23,1.87,6.98,11.89,1.27,0,0.519,0,0,0,0,950,475,5,0,1,,,19.1,,50.9
0.367,2.23,1.87,6.98,11.89,1.27,0,0.519,0,0,0,0,950,475,10,0,1,,,17.9,,50.1
0.364,2.19,2.48,7.07,9.13,1.06,0,0.505,0,0,0,0,950,475,0,0,1,1628,1175,22.6,10.3,48.2
0.364,2.19,2.48,7.07,9.13,1.06,0,0.505,0,0,0,0,950,475,0.5,0,1,1740,1494,14.1,11.6,50.4
0.364,2.19,2.48,7.07,9.13,1.06,0,0.505,0,0,0,0,950,475,1,0,1,1773,1446,14.8,10.6,50.7
0.364,2.19,2.48,7.07,9.13,1.06,0,0.505,0,0,0,0,950,475,5,0,1,,,14.6,,51.5
0.364,2.19,2.48,7.07,9.13,1.06,0,0.505,0,0,0,0,950,475,10,0,1,,,16.2,,51
0.343,2.28,2.05,7.32,11.9,0.34,0,0.507,0,0,0,0,950,475,0,0,1,2145,1542,12.8,7.3,55.8
0.343,2.28,2.05,7.32,11.9,0.34,0,0.507,0,0,0,0,950,475,0.5,0,1,1934,1597,17.3,11.8,53.5
0.343,2.28,2.05,7.32,11.9,0.34,0,0.507,0,0,0,0,950,475,1,0,1,1987,1606,18.3,11.1,54.2
0.343,2.28,2.05,7.32,11.9,0.34,0,0.507,0,0,0,0,950,475,5,0,1,,,16.8,,55
0.343,2.28,2.05,7.32,11.9,0.34,0,0.507,0,0,0,0,950,475,10,0,1,,,16.1,,55
0.33,2.02,1.82,9.7,11.76,1.07,0,0.483,0,0,0,0,1200,475,0,0,1,,,6.6,,57.3
0.33,2.02,1.82,9.7,11.76,1.07,0,0.483,0,0,0,0,1200,475,0.5,0,1,,,2.4,,56.2
0.33,2.02,1.82,9.7,11.76,1.07,0,0.483,0,0,0,0,1200,475,1,0,1,,,2.4,,57.8
0.33,2.02,1.82,9.7,11.76,1.07,0,0.483,0,0,0,0,1200,475,5,0,1,2393,2025,1.4,7.3,58.9
0.33,2.02,1.82,9.7,11.76,1.07,0,0.483,0,0,0,0,1200,475,10,0,1,,,,,57.3
0.346,2.27,1.94,7.19,12.11,1.58,0,0.499,0,0,0,0,1200,475,0,0,1,,,8.4,,56.2
0.346,2.27,1.94,7.19,12.11,1.58,0,0.499,0,0,0,0,1200,475,0.5,0,1,,,3.3,,55.3
0.346,2.27,1.94,7.19,12.11,1.58,0,0.499,0,0,0,0,1200,475,1,0,1,,,2.8,,56.3
0.346,2.27,1.94,7.19,12.11,1.58,0,0.499,0,0,0,0,1200,475,5,0,1,,,2.8,,57
0.346,2.27,1.94,7.19,12.11,1.58,0,0.499,0,0,0,0,1200,475,10,0,1,,,,,56
0.367,2.23,1.87,6.98,11.89,1.27,0,0.519,0,0,0,0,1200,475,0,0,1,,,8,,57
0.367,2.23,1.87,6.98,11.89,1.27,0,0.519,0,0,0,0,1200,475,0.5,0,1,,,3.3,,55.8
0.367,2.23,1.87,6.98,11.89,1.27,0,0.519,0,0,0,0,1200,475,1,0,1,,,3.2,,55.9
0.367,2.23,1.87,6.98,11.89,1.27,0,0.519,0,0,0,0,1200,475,5,0,1,2276,1844,3.1,7.8,58.8
0.367,2.23,1.87,6.98,11.89,1.27,0,0.519,0,0,0,0,1200,475,10,0,1,,,,,57.2
0.364,2.19,2.48,7.07,9.13,1.06,0,0.505,0,0,0,0,1200,475,0,0,1,,,3.5,,58.6
0.364,2.19,2.48,7.07,9.13,1.06,0,0.505,0,0,0,0,1200,475,0.5,0,1,,,2.3,,56.3
0.364,2.19,2.48,7.07,9.13,1.06,0,0.505,0,0,0,0,1200,475,1,0,1,,,2.3,,57
0.364,2.19,2.48,7.07,9.13,1.06,0,0.505,0,0,0,0,1200,475,5,0,1,,,1.7,,58.8
0.364,2.19,2.48,7.07,9.13,1.06,0,0.505,0,0,0,0,1200,475,10,0,1,2392,1919,,8,59
0.343,2.28,2.05,7.32,11.9,0.34,0,0.507,0,0,0,0,1200,475,0,0,1,,,7.9,,58
0.343,2.28,2.05,7.32,11.9,0.34,0,0.507,0,0,0,0,1200,475,0.5,0,1,,,7.6,,54.4
0.343,2.28,2.05,7.32,11.9,0.34,0,0.507,0,0,0,0,1200,475,1,0,1,,,3.6,,55.5
0.343,2.28,2.05,7.32,11.9,0.34,0,0.507,0,0,0,0,1200,475,5,0,1,2251,1842,11,5.4,57.1
0.343,2.28,2.05,7.32,11.9,0.34,0,0.507,0,0,0,0,1200,475,7,0,1,2264,1874,,10.8,58
0.343,2.28,2.05,7.32,11.9,0.34,0,0.507,0,0,0,0,1200,475,10,0,1,,,,,57.4
0.33,2.02,1.82,9.7,11.76,1.07,0,0.483,0,0,0,0,1200,468,0,0,1,2262,1551,,8.7,55.8
0.33,2.02,1.82,9.7,11.76,1.07,0,0.483,0,0,0,0,1200,468,0.5,0,1,,,,,56.2
0.33,2.02,1.82,9.7,11.76,1.07,0,0.483,0,0,0,0,1200,468,5,0,1,,,,,58.4
0.33,2.02,1.82,9.7,11.76,1.07,0,0.483,0,0,0,0,1200,468,10,0,1,,,,,58.2
0.33,2.02,1.82,9.7,11.76,1.07,0,0.483,0,0,0,0,1200,468,20,0,1,,,,,57.3
0.346,2.27,1.94,7.19,12.11,1.58,0,0.499,0,0,0,0,1200,468,0,0,1,2193,1592,,7,51.4
0.346,2.27,1.94,7.19,12.11,1.58,0,0.499,0,0,0,0,1200,468,0.5,0,1,,,,,55.2
0.346,2.27,1.94,7.19,12.11,1.58,0,0.499,0,0,0,0,1200,468,5,0,1,,,,,57.1
0.346,2.27,1.94,7.19,12.11,1.58,0,0.499,0,0,0,0,1200,468,10,0,1,,,,,56.7
0.346,2.27,1.94,7.19,12.11,1.58,0,0.499,0,0,0,0,1200,468,20,0,1,,,,,55.4
0.367,2.23,1.87,6.98,11.89,1.27,0,0.519,0,0,0,0,1200,468,0,0,1,2302,1537,,9.6,52
0.367,2.23,1.87,6.98,11.89,1.27,0,0.519,0,0,0,0,1200,468,0.5,0,1,2141,1598,,8.5,55.2
0.367,2.23,1.87,6.98,11.89,1.27,0,0.519,0,0,0,0,1200,468,5,0,1,,,,,57.8
0.367,2.23,1.87,6.98,11.89,1.27,0,0.519,0,0,0,0,1200,468,10,0,1,2315,1924,,6.8,57.8
0.367,2.23,1.87,6.98,11.89,1.27,0,0.519,0,0,0,0,1200,468,20,0,1,2261,1962,,6.8,57.1
0.364,2.19,2.48,7.07,9.13,1.06,0,0.505,0,0,0,0,1200,468,0,0,1,,,,,55.2
0.364,2.19,2.48,7.07,9.13,1.06,0,0.505,0,0,0,0,1200,468,0.5,0,1,,,,,56.4
0.364,2.19,2.48,7.07,9.13,1.06,0,0.505,0,0,0,0,1200,468,5,0,1,,,,,58.4
0.364,2.19,2.48,7.07,9.13,1.06,0,0.505,0,0,0,0,1200,468,10,0,1,,,,,58.9
0.364,2.19,2.48,7.07,9.13,1.06,0,0.505,0,0,0,0,1200,468,20,0,1,2418,1965,,4.5,58.8
0.343,2.28,2.05,7.32,11.9,0.34,0,0.507,0,0,0,0,1200,468,0,0,1,,,,,53.5
0.343,2.28,2.05,7.32,11.9,0.34,0,0.507,0,0,0,0,1200,468,0.5,0,1,2054,1517,,13.6,54.2
0.343,2.28,2.05,7.32,11.9,0.34,0,0.507,0,0,0,0,1200,468,5,0,1,2199,1713,,10.7,56.98
0.343,2.28,2.05,7.32,11.9,0.34,0,0.507,0,0,0,0,1200,468,10,0,1,2324,1948,,10.7,57.5
0.343,2.28,2.05,7.32,11.9,0.34,0,0.507,0,0,0,0,1200,468,20,0,1,2288,1995,,10.9,57.4
0.33,2.02,1.82,9.7,11.76,1.07,0,0.483,0,0,0,0,1050,468,5,0,1,1989,1743,10.9,4.5,54.6
0.346,2.27,1.94,7.19,12.11,1.58,0,0.499,0,0,0,0,1050,468,5,0,1,1711,1492,,3.3,
0.367,2.23,1.87,6.98,11.89,1.27,0,0.519,0,0,0,0,1050,468,5,0,1,1885,1609,14.9,5.8,53.7
0.364,2.19,2.48,7.07,9.13,1.06,0,0.505,0,0,0,0,1050,468,10,0,1,1911,1612,14.8,4.9,54.1
0.343,2.28,2.05,7.32,11.9,0.34,0,0.507,0,0,0,0,1050,468,10,0,1,2136,1804,16.6,8.1,56.7
0.364,2.19,2.48,7.07,9.13,1.06,0,0.505,0,0,0,0,1150,468,0,800,0,2112,1204,,12.6,50
0.364,2.19,2.48,7.07,9.13,1.06,0,0.505,0,0,0,0,1150,468,0.5,800,0,1799,1253,,15.6,51.1
0.364,2.19,2.48,7.07,9.13,1.06,0,0.505,0,0,0,0,1150,468,5,800,0,1970,1607,,8.4,54.1
0.364,2.19,2.48,7.07,9.13,1.06,0,0.505,0,0,0,0,1150,468,10,800,0,1952,1635,,10.7,54.8
0.364,2.19,2.48,7.07,9.13,1.06,0,0.505,0,0,0,0,1150,468,20,800,0,1925,1678,,10.3,53.9
0.328,2.25,1.07,16.64,12.84,0.185,0,1.54,0,0,0,0,1130,468,0,0,1,,,,,57.2
0.328,2.25,1.07,16.64,12.84,0.185,0,1.54,0,0,0,0,1130,468,0.5,0,1,,,,,56
0.328,2.25,1.07,16.64,12.84,0.185,0,1.54,0,0,0,0,1130,468,1,0,1,,,,,55.1
0.328,2.25,1.07,16.64,12.84,0.185,0,1.54,0,0,0,0,1130,468,5,0,1,,,,,59.8
0.328,2.25,1.07,16.64,12.84,0.185,0,1.54,0,0,0,0,1130,468,8,0,1,,,,,59.6
0.328,2.25,1.07,16.64,12.84,0.185,0,1.54,0,0,0,0,1130,468,10,0,1,,,,,59.5
0.328,2.25,1.07,16.64,12.84,0.185,0,1.54,0,0,0,0,1130,468,15,0,1,,,,,59
0.328,2.25,1.07,16.64,12.84,0.185,0,1.54,0,0,0,0,1130,468,20,0,1,,,,,58.2
0.366,3.02,1.9,7.28,9.92,0.564,0,0.0018,0,0,0,0,1130,468,0,0,1,,,,,58.9
0.366,3.02,1.9,7.28,9.92,0.564,0,0.0018,0,0,0,0,1130,468,0.5,0,1,,,,,54.9
0.366,3.02,1.9,7.28,9.92,0.564,0,0.0018,0,0,0,0,1130,468,1,0,1,,,,,55.8
0.366,3.02,1.9,7.28,9.92,0.564,0,0.0018,0,0,0,0,1130,468,5,0,1,,,,,57.7
0.366,3.02,1.9,7.28,9.92,0.564,0,0.0018,0,0,0,0,1130,468,8,0,1,,,,,57.9
0.366,3.02,1.9,7.28,9.92,0.564,0,0.0018,0,0,0,0,1130,468,10,0,1,,,,,58.4
0.366,3.02,1.9,7.28,9.92,0.564,0,0.0018,0,0,0,0,1130,468,15,0,1,2353,2089,,4.4,58.7
0.366,3.02,1.9,7.28,9.92,0.564,0,0.0018,0,0,0,0,1130,468,20,0,1,2295,2044,,5.4,59.1
0.366,3.02,1.9,7.28,9.92,0.564,0,0.0018,0,0,0,0,1130,468,25,0,1,2302,2063,,5.8,59
0.36,2.99,2.66,7.43,8.98,0.566,0,0.0026,0,0,0,0,1130,468,0,0,1,,,,,58.5
0.36,2.99,2.66,7.43,8.98,0.566,0,0.0026,0,0,0,0,1130,468,0.5,0,1,,,,,55.6
0.36,2.99,2.66,7.43,8.98,0.566,0,0.0026,0,0,0,0,1130,468,1,0,1,,,,,56.3
0.36,2.99,2.66,7.43,8.98,0.566,0,0.0026,0,0,0,0,1130,468,5,0,1,,,,,58.5
0.36,2.99,2.66,7.43,8.98,0.566,0,0.0026,0,0,0,0,1130,468,8,0,1,,,,,58.7
0.36,2.99,2.66,7.43,8.98,0.566,0,0.0026,0,0,0,0,1130,468,10,0,1,,,,,59.5
0.36,2.99,2.66,7.43,8.98,0.566,0,0.0026,0,0,0,0,1130,468,15,0,1,,,,,59.7
0.36,2.99,2.66,7.43,8.98,0.566,0,0.0026,0,0,0,0,1130,468,20,0,1,,,,,59.9
0.36,2.99,2.66,7.43,8.98,0.566,0,0.0026,0,0,0,0,1130,468,25,0,1,,,,,59.7
0.345,2.28,2.63,7.66,11.92,0.566,0,0.001,0,0,0,0,1130,468,0,0,1,,,,,55.8
0.345,2.28,2.63,7.66,11.92,0.566,0,0.001,0,0,0,0,1130,468,0.5,0,1,,,,,55.1
0.345,2.28,2.63,7.66,11.92,0.566,0,0.001,0,0,0,0,1130,468,1,0,1,,,,,56.3
0.345,2.28,2.63,7.66,11.92,0.566,0,0.001,0,0,0,0,1130,468,5,0,1,2364,1936,,3.3,58.8
0.345,2.28,2.63,7.66,11.92,0.566,0,0.001,0,0,0,0,1130,468,8,0,1,2388,1995,,6.3,59.1
0.345,2.28,2.63,7.66,11.92,0.566,0,0.001,0,0,0,0,1130,468,10,0,1,2386,2016,,5.8,59
0.345,2.28,2.63,7.66,11.92,0.566,0,0.001,0,0,0,0,1130,468,15,0,1,,,,,58.9
0.345,2.28,2.63,7.66,11.92,0.566,0,0.001,0,0,0,0,1130,468,20,0,1,,,,,58.2
0.328,2.25,1.07,16.64,12.84,0.185,0,1.54,0,0,0,0,1150,468,0,1080,0,,,,,54.3
0.328,2.25,1.07,16.64,12.84,0.185,0,1.54,0,0,0,0,1150,468,0.5,1080,0,,,,,57.9
0.328,2.25,1.07,16.64,12.84,0.185,0,1.54,0,0,0,0,1150,468,1,1080,0,,,,,59.3
0.328,2.25,1.07,16.64,12.84,0.185,0,1.54,0,0,0,0,1150,468,5,1080,0,,,,,60.7
0.328,2.25,1.07,16.64,12.84,0.185,0,1.54,0,0,0,0,1150,468,7,1080,0,,,,,60.8
0.328,2.25,1.07,16.64,12.84,0.185,0,1.54,0,0,0,0,1150,468,10,1080,0,,,,,60.5
0.328,2.25,1.07,16.64,12.84,0.185,0,1.54,0,0,0,0,1150,468,15,1080,0,,,,,60.2
0.328,2.25,1.07,16.64,12.84,0.185,0,1.54,0,0,0,0,1150,468,20,1080,0,,,,,59.5
0.366,3.02,1.9,7.28,9.92,0.564,0,0.0018,0,0,0,0,1150,468,0,1080,0,,,,,56.3
0.366,3.02,1.9,7.28,9.92,0.564,0,0.0018,0,0,0,0,1150,468,0.5,1080,0,,,,,53
0.366,3.02,1.9,7.28,9.92,0.564,0,0.0018,0,0,0,0,1150,468,1,1080,0,,,,,56.3
0.366,3.02,1.9,7.28,9.92,0.564,0,0.0018,0,0,0,0,1150,468,5,1080,0,,,,,58.7
0.366,3.02,1.9,7.28,9.92,0.564,0,0.0018,0,0,0,0,1150,468,7,1080,0,,,,,59.3
0.366,3.02,1.9,7.28,9.92,0.564,0,0.0018,0,0,0,0,1150,468,10,1080,0,,,,,59.5
0.366,3.02,1.9,7.28,9.92,0.564,0,0.0018,0,0,0,0,1150,468,15,1080,0,,,,,59.7
0.366,3.02,1.9,7.28,9.92,0.564,0,0.0018,0,0,0,0,1150,468,20,1080,0,,,,,59.7
0.36,2.99,2.66,7.43,8.98,0.566,0,0.0026,0,0,0,0,1150,468,0,1080,0,,,,,56
0.36,2.99,2.66,7.43,8.98,0.566,0,0.0026,0,0,0,0,1150,468,0.5,1080,0,,,,,53.7
0.36,2.99,2.66,7.43,8.98,0.566,0,0.0026,0,0,0,0,1150,468,1,1080,0,,,,,56.9
0.36,2.99,2.66,7.43,8.98,0.566,0,0.0026,0,0,0,0,1150,468,5,1080,0,,,,,59.4
0.36,2.99,2.66,7.43,8.98,0.566,0,0.0026,0,0,0,0,1150,468,7,1080,0,2449,1839,,5.8,59.8
0.36,2.99,2.66,7.43,8.98,0.566,0,0.0026,0,0,0,0,1150,468,10,1080,0,2476,1893,,5.5,60.1
0.36,2.99,2.66,7.43,8.98,0.566,0,0.0026,0,0,0,0,1150,468,15,1080,0,2486,1960,,5.1,60.2
0.36,2.99,2.66,7.43,8.98,0.566,0,0.0026,0,0,0,0,1150,468,20,1080,0,2475,2024,,4.8,59.4
0.36,2.99,2.66,7.43,8.98,0.566,0,0.0026,0,0,0,0,1150,468,25,1080,0,2475,2082,,4.5,
0.345,2.28,2.63,7.66,11.92,0.566,0,0.001,0,0,0,0,1150,468,0,1080,0,,,,,52.3
0.345,2.28,2.63,7.66,11.92,0.566,0,0.001,0,0,0,0,1150,468,0.5,1080,0,,,,,56.2
0.345,2.28,2.63,7.66,11.92,0.566,0,0.001,0,0,0,0,1150,468,1,1080,0,,,,,57.4
0.345,2.28,2.63,7.66,11.92,0.566,0,0.001,0,0,0,0,1150,468,5,1080,0,,,,,59.1
0.345,2.28,2.63,7.66,11.92,0.566,0,0.001,0,0,0,0,1150,468,7,1080,0,,,,,59.2
0.345,2.28,2.63,7.66,11.92,0.566,0,0.001,0,0,0,0,1150,468,10,1080,0,,,,,58.5
0.345,2.28,2.63,7.66,11.92,0.566,0,0.001,0,0,0,0,1150,468,15,1080,0,,,,,58.6
0.345,2.28,2.63,7.66,11.92,0.566,0,0.001,0,0,0,0,1150,468,20,1080,0,,,,,58
0.328,2.25,1.07,16.64,12.84,0.185,0,1.54,0,0,0,0,1038,468,5,0,1,2513,2208,,6.2,60.4
0.328,2.25,1.07,16.64,12.84,0.185,0,1.54,0,0,0,0,1038,468,8,0,1,2468,2194,,7.9,59.8
0.328,2.25,1.07,16.64,12.84,0.185,0,1.54,0,0,0,0,1038,468,10,0,1,2448,2177,,7.9,59.7
0.36,2.99,2.66,7.43,8.98,0.566,0,0.0026,0,0,0,0,1050,468,10,0,1,2386,1964,,8.7,59.2
0.36,2.99,2.66,7.43,8.98,0.566,0,0.0026,0,0,0,0,1050,468,15,0,1,2371,1973,,9.1,58.8
0.36,2.99,2.66,7.43,8.98,0.566,0,0.0026,0,0,0,0,1050,468,20,0,1,2344,1977,,9.4,58.5
0.36,2.99,2.66,7.43,8.98,0.566,0,0.0026,0,0,0,0,1100,468,7,0,1,2422,1747,,9.3,
0.36,2.99,2.66,7.43,8.98,0.566,0,0.0026,0,0,0,0,1100,468,10,0,1,2441,1884,,8.7,60
0.36,2.99,2.66,7.43,8.98,0.566,0,0.0026,0,0,0,0,1100,468,15,0,1,2440,1999,,7.9,59.8
